001,フシギダネ,くさ,どく,しんりょく,なし,ようりょくそ,45,49,49,65,65,45,318
002,フシギソウ,くさ,どく,しんりょく,なし,ようりょくそ,60,62,63,80,80,60,405
003,フシギバナ,くさ,どく,しんりょく,なし,ようりょくそ,80,82,83,100,100,80,525
003-1,メガフシギバナ,くさ,どく,あついしぼう,なし,なし,80,100,123,122,120,80,625
004,ヒトカゲ,ほのお,なし,もうか,なし,サンパワー,39,52,43,60,50,65,309
005,リザード,ほのお,なし,もうか,なし,サンパワー,58,64,58,80,65,80,405
006,リザードン,ほのお,ひこう,もうか,なし,サンパワー,78,84,78,109,85,100,534
006-1,メガリザードンX,ほのお,ドラゴン,かたいツメ,なし,なし,78,130,111,130,85,100,634
006-2,メガリザードンY,ほのお,ひこう,ひでり,なし,なし,78,104,78,159,115,100,634
007,ゼニガメ,みず,なし,げきりゅう,なし,あめうけざら,44,48,65,50,64,43,314
008,カメール,みず,なし,げきりゅう,なし,あめうけざら,59,63,80,65,80,58,405
009,カメックス,みず,なし,げきりゅう,なし,あめうけざら,79,83,100,85,105,78,530
009-1,メガカメックス,みず,なし,メガランチャー,なし,なし,79,103,120,135,115,78,630
010,キャタピー,むし,なし,りんぷん,なし,にげあし,45,30,35,20,20,45,195
011,トランセル,むし,なし,だっぴ,なし,なし,50,20,55,25,25,30,205
012,バタフリー,むし,ひこう,ふくがん,なし,いろめがね,60,45,50,90,80,70,395
013,ビードル,むし,どく,りんぷん,なし,にげあし,40,35,30,20,20,50,195
014,コクーン,むし,どく,だっぴ,なし,なし,45,25,50,25,25,35,205
015,スピアー,むし,どく,むしのしらせ,なし,スナイパー,65,90,40,45,80,75,395
015-1,メガスピアー,むし,どく,てきおうりょく,なし,なし,65,150,40,15,80,145,495
016,ポッポ,ノーマル,ひこう,するどいめ,ちどりあし,はとむね,40,45,40,35,35,56,251
017,ピジョン,ノーマル,ひこう,するどいめ,ちどりあし,はとむね,63,60,55,50,50,71,349
018,ピジョット,ノーマル,ひこう,するどいめ,ちどりあし,はとむね,83,80,75,70,70,101,479
018-1,メガピジョット,ノーマル,ひこう,ノーガード,なし,なし,83,80,80,135,80,121,579
019,コラッタ,ノーマル,なし,にげあし,こんじょう,はりきり,30,56,35,25,35,72,253
019-1,コラッタ:A,あく,ノーマル,くいしんぼう,はりきり,あついしぼう,30,56,35,25,35,72,253
020,ラッタ,ノーマル,なし,にげあし,こんじょう,はりきり,55,81,60,50,70,97,413
020-1,ラッタ:A,あく,ノーマル,くいしんぼう,はりきり,あついしぼう,75,71,70,40,80,77,413
021,オニスズメ,ノーマル,ひこう,するどいめ,なし,スナイパー,40,60,30,31,31,70,262
022,オニドリル,ノーマル,ひこう,するどいめ,なし,スナイパー,65,90,65,61,61,100,442
023,アーボ,どく,なし,いかく,だっぴ,きんちょうかん,35,60,44,40,54,55,288
024,アーボック,どく,なし,いかく,だっぴ,きんちょうかん,60,95,69,65,79,80,448
025,ピカチュウ,でんき,なし,せいでんき,なし,ひらいしん,35,55,40,50,50,90,320
026,ライチュウ,でんき,なし,せいでんき,なし,ひらいしん,60,90,55,90,80,110,485
026-1,ライチュウ:A,でんき,エスパー,サーフテール,なし,なし,60,85,50,95,85,110,485
027,サンド,じめん,なし,すながくれ,なし,すなかき,50,75,85,20,30,40,300
027-1,サンド:A,こおり,はがね,ゆきがくれ,なし,ゆきかき,50,75,90,10,35,40,300
028,サンドパン,じめん,なし,すながくれ,なし,すなかき,75,100,110,45,55,65,450
028-1,サンドパン:A,こおり,はがね,ゆきがくれ,なし,ゆきかき,75,100,120,25,65,65,450
029,ニドラン♀,どく,なし,どくのトゲ,とうそうしん,はりきり,55,47,52,40,40,41,275
030,ニドリーナ,どく,なし,どくのトゲ,とうそうしん,はりきり,70,62,67,55,55,56,365
031,ニドクイン,どく,じめん,どくのトゲ,とうそうしん,ちからずく,90,92,87,75,85,76,505
032,ニドラン♂,どく,なし,どくのトゲ,とうそうしん,はりきり,46,57,40,40,40,50,273
033,ニドリーノ,どく,なし,どくのトゲ,とうそうしん,はりきり,61,72,57,55,55,65,365
034,ニドキング,どく,じめん,どくのトゲ,とうそうしん,ちからずく,81,102,77,85,75,85,505
035,ピッピ,フェアリー,なし,メロメロボディ,マジックガード,フレンドガード,70,45,48,60,65,35,323
036,ピクシー,フェアリー,なし,メロメロボディ,マジックガード,てんねん,95,70,73,95,90,60,483
037,ロコン,ほのお,なし,もらいび,なし,ひでり,38,41,40,50,65,65,299
037-1,ロコン:A,こおり,なし,ゆきがくれ,なし,ゆきふらし,38,41,40,50,65,65,299
038,キュウコン,ほのお,なし,もらいび,なし,ひでり,73,76,75,81,100,100,505
038-1,キュウコン:A,こおり,フェアリー,ゆきがくれ,なし,ゆきふらし,73,67,75,81,100,109,505
039,プリン,ノーマル,フェアリー,メロメロボディ,かちき,フレンドガード,115,45,20,45,25,20,270
040,プクリン,ノーマル,フェアリー,メロメロボディ,かちき,おみとおし,140,70,45,85,50,45,435
041,ズバット,どく,ひこう,せいしんりょく,なし,すりぬけ,40,45,35,30,40,55,245
042,ゴルバット,どく,ひこう,せいしんりょく,なし,すりぬけ,75,80,70,65,75,90,455
043,ナゾノクサ,くさ,どく,ようりょくそ,なし,にげあし,45,50,55,75,65,30,320
044,クサイハナ,くさ,どく,ようりょくそ,なし,あくしゅう,60,65,70,85,75,40,395
045,ラフレシア,くさ,どく,ようりょくそ,なし,ほうし,75,80,85,110,90,50,490
046,パラス,むし,くさ,ほうし,かんそうはだ,しめりけ,35,70,55,45,55,25,285
047,パラセクト,むし,くさ,ほうし,かんそうはだ,しめりけ,60,95,80,60,80,30,405
048,コンパン,むし,どく,ふくがん,いろめがね,にげあし,60,55,50,40,55,45,305
049,モルフォン,むし,どく,りんぷん,いろめがね,ミラクルスキン,70,65,60,90,75,90,450
050,ディグダ,じめん,なし,すながくれ,ありじごく,すなのちから,10,55,25,35,45,95,265
050-1,ディグダ:A,じめん,はがね,すながくれ,カーリーヘアー,すなのちから,10,55,30,35,45,90,265
051,ダグトリオ,じめん,なし,すながくれ,ありじごく,すなのちから,35,100,50,50,70,120,425
051-1,ダグドリオ:A,じめん,はがね,すながくれ,カーリーヘアー,すなのちから,35,100,60,50,70,110,425
052,ニャース,ノーマル,なし,ものひろい,テクニシャン,きんちょうかん,40,45,35,40,40,90,290
052-1,ニャース:A,あく,なし,ものひろい,テクニシャン,びびり,40,35,35,50,40,90,290
053,ペルシアン,ノーマル,なし,じゅうなん,テクニシャン,きんちょうかん,65,70,60,65,65,115,440
053-1,ペルシアン:A,あく,なし,ファーコート,テクニシャン,びびり,65,60,60,75,65,115,440
054,コダック,みず,なし,しめりけ,ノーてんき,すいすい,50,52,48,65,50,55,320
055,ゴルダック,みず,なし,しめりけ,ノーてんき,すいすい,80,82,78,95,80,85,500
056,マンキー,かくとう,なし,やるき,いかりのつぼ,まけんき,40,80,35,35,45,70,305
057,オコリザル,かくとう,なし,やるき,いかりのつぼ,まけんき,65,105,60,60,70,95,455
058,ガーディ,ほのお,なし,いかく,もらいび,せいぎのこころ,55,70,45,70,50,60,350
059,ウインディ,ほのお,なし,いかく,もらいび,せいぎのこころ,90,110,80,100,80,95,555
060,ニョロモ,みず,なし,ちょすい,しめりけ,すいすい,40,50,40,40,40,90,300
061,ニョロゾ,みず,なし,ちょすい,しめりけ,すいすい,65,65,65,50,50,90,385
062,ニョロボン,みず,かくとう,ちょすい,しめりけ,すいすい,90,95,95,70,90,70,510
063,ケーシィ,エスパー,なし,シンクロ,せいしんりょく,マジックガード,25,20,15,105,55,90,310
064,ユンゲラー,エスパー,なし,シンクロ,せいしんりょく,マジックガード,40,35,30,120,70,105,400
065,フーディン,エスパー,なし,シンクロ,せいしんりょく,マジックガード,55,50,45,135,95,120,500
065-1,メガフーディン,エスパー,なし,トレース,なし,なし,55,50,65,175,105,150,600
066,ワンリキー,かくとう,なし,こんじょう,ノーガード,ふくつのこころ,70,80,50,35,35,35,305
067,ゴーリキー,かくとう,なし,こんじょう,ノーガード,ふくつのこころ,80,100,70,50,60,45,405
068,カイリキー,かくとう,なし,こんじょう,ノーガード,ふくつのこころ,90,130,80,65,85,55,505
069,マダツボミ,くさ,どく,ようりょくそ,なし,くいしんぼう,50,75,35,70,30,40,300
070,ウツドン,くさ,どく,ようりょくそ,なし,くいしんぼう,65,90,50,85,45,55,390
071,ウツボット,くさ,どく,ようりょくそ,なし,くいしんぼう,80,105,65,100,70,70,490
072,メノクラゲ,みず,どく,クリアボディ,ヘドロえき,あめうけざら,40,40,35,50,100,70,335
073,ドククラゲ,みず,どく,クリアボディ,ヘドロえき,あめうけざら,80,70,65,80,120,100,515
074,イシツブテ,いわ,じめん,いしあたま,がんじょう,すながくれ,40,80,100,30,30,20,300
074-1,イシツブテ:A,いわ,でんき,じりょく,がんじょう,エレキスキン,40,80,100,30,30,20,300
075,ゴローン,いわ,じめん,いしあたま,がんじょう,すながくれ,55,95,115,45,45,35,390
075-1,ゴローン:A,いわ,でんき,じりょく,がんじょう,エレキスキン,55,95,115,45,45,35,390
076,ゴローニャ,いわ,じめん,いしあたま,がんじょう,すながくれ,80,120,130,55,65,45,495
076-1,ゴローニャ:A,いわ,でんき,じりょく,がんじょう,エレキスキン,80,120,130,55,65,45,495
077,ポニータ,ほのお,なし,にげあし,もらいび,ほのおのからだ,50,85,55,65,65,90,410
078,ギャロップ,ほのお,なし,にげあし,もらいび,ほのおのからだ,65,100,70,80,80,105,500
079,ヤドン,みず,エスパー,どんかん,マイペース,さいせいりょく,90,65,65,40,40,15,315
080,ヤドラン,みず,エスパー,どんかん,マイペース,さいせいりょく,95,75,110,100,80,30,490
080-1,メガヤドラン,みず,エスパー,シェルアーマー,なし,なし,95,75,180,130,80,30,590
081,コイル,でんき,はがね,じりょく,がんじょう,アナライズ,25,35,70,95,55,45,325
082,レアコイル,でんき,はがね,じりょく,がんじょう,アナライズ,50,60,95,120,70,70,465
083,カモネギ,ノーマル,ひこう,するどいめ,せいしんりょく,まけんき,52,90,55,58,62,60,377
084,ドードー,ノーマル,ひこう,にげあし,はやおき,ちどりあし,35,85,45,35,35,75,310
085,ドードリオ,ノーマル,ひこう,にげあし,はやおき,ちどりあし,60,110,70,60,60,110,470
086,パウワウ,みず,なし,あついしぼう,うるおいボディ,アイスボディ,65,45,55,45,70,45,325
087,ジュゴン,みず,こおり,あついしぼう,うるおいボディ,アイスボディ,90,70,80,70,95,70,475
088,ベトベター,どく,なし,あくしゅう,ねんちゃく,どくしゅ,80,80,50,40,50,25,325
088-1,ベトベター:A,どく,あく,どくしゅ,くいしんぼう,かがくのちから,80,80,50,40,50,25,325
089,ベトベトン,どく,なし,あくしゅう,ねんちゃく,どくしゅ,105,105,75,65,100,50,500
089-1,ベトベトン:A,どく,あく,どくしゅ,くいしんぼう,かがくのちから,105,105,75,65,100,50,500
090,シェルダー,みず,なし,シェルアーマー,スキルリンク,ぼうじん,30,65,100,45,25,40,305
091,パルシェン,みず,こおり,シェルアーマー,スキルリンク,ぼうじん,50,95,180,85,45,70,525
092,ゴース,ゴースト,どく,ふゆう,なし,なし,30,35,30,100,35,80,310
093,ゴースト,ゴースト,どく,ふゆう,なし,なし,45,50,45,115,55,95,405
094,ゲンガー,ゴースト,どく,のろわれボディ,なし,なし,60,65,60,130,75,110,500
094-1,メガゲンガー,ゴースト,どく,かげふみ,なし,なし,60,65,80,170,95,130,600
095,イワーク,いわ,じめん,いしあたま,がんじょう,くだけるよろい,35,45,160,30,45,70,385
096,スリープ,エスパー,なし,ふみん,よちむ,せいしんりょく,60,48,45,43,90,42,328
097,スリーパー　,エスパー,なし,ふみん,よちむ,せいしんりょく,85,73,70,73,115,67,483
098,クラブ,みず,なし,かいりきバサミ,シェルアーマー,ちからずく,30,105,90,25,25,50,325
099,キングラー,みず,なし,かいりきバサミ,シェルアーマー,ちからずく,55,130,115,50,50,75,475
100,ビリリダマ,でんき,なし,ぼうおん,せいでんき,ゆうばく,40,30,50,55,55,100,330
101,マルマイン,でんき,なし,ぼうおん,せいでんき,ゆうばく,60,50,70,80,80,150,490
102,タマタマ,くさ,エスパー,ようりょくそ,なし,しゅうかく,60,40,80,60,45,40,325
103,ナッシー,くさ,エスパー,ようりょくそ,なし,しゅうかく,95,95,85,125,75,55,530
103-1,ナッシー:A,くさ,ドラゴン,おみとおし,なし,しゅうかく,95,105,85,125,75,45,530
104,カラカラ,じめん,なし,いしあたま,ひらいしん,カブトアーマー,50,50,95,40,50,35,320
105,ガラガラ,じめん,なし,いしあたま,ひらいしん,カブトアーマー,60,80,110,50,80,45,425
105-1,ガラガラ:A,ほのお,ゴースト,のろわれボディ,ひらいしん,いしあたま,60,80,110,50,80,45,425
106,サワムラー,かくとう,なし,じゅうなん,すてみ,かるわざ,50,120,53,35,110,87,455
107,エビワラー,かくとう,なし,するどいめ,てつのこぶし,せいしんりょく,50,105,79,35,110,76,455
108,ベロリンガ,ノーマル,なし,マイペース,どんかん,ノーてんき,90,55,75,60,75,30,385
109,ドガース,どく,なし,ふゆう,なし,なし,40,65,95,60,45,35,340
110,マタドガス,どく,なし,ふゆう,なし,なし,65,90,120,85,70,60,490
111,サイホーン,じめん,いわ,ひらいしん,いしあたま,すてみ,80,85,95,30,30,25,345
112,サイドン,じめん,いわ,ひらいしん,いしあたま,すてみ,105,130,120,45,45,40,485
113,ラッキー,ノーマル,なし,しぜんかいふく,てんのめぐみ,いやしのこころ,250,5,5,35,105,50,450
114,モンジャラ,くさ,なし,ようりょくそ,リーフガード,さいせいりょく,65,55,115,100,40,60,435
115,ガルーラ,ノーマル,なし,はやおき,きもったま,せいしんりょく,105,95,80,40,80,90,490
115-1,メガガルーラ,ノーマル,なし,おやこあい,なし,なし,105,125,100,60,100,100,590
116,タッツー,みず,なし,すいすい,スナイパー,しめりけ,30,40,70,70,25,60,295
117,シードラ,みず,なし,どくのトゲ,スナイパー,しめりけ,55,65,95,95,45,85,440
118,トサキント,みず,なし,すいすい,みずのベール,ひらいしん,45,67,60,35,50,63,320
119,アズマオウ,みず,なし,すいすい,みずのベール,ひらいしん,80,92,65,65,80,68,450
120,ヒトデマン,みず,なし,はっこう,しぜんかいふく,アナライズ,30,45,55,70,55,85,340
121,スターミー,みず,エスパー,はっこう,しぜんかいふく,アナライズ,60,75,85,100,85,115,520
122,バリヤード,エスパー,フェアリー,ぼうおん,フィルター,テクニシャン,40,45,65,100,120,90,460
123,ストライク,むし,ひこう,むしのしらせ,テクニシャン,ふくつのこころ,70,110,80,55,80,105,500
124,ルージュラ,こおり,エスパー,どんかん,よちむ,かんそうはだ,65,50,35,115,95,95,455
125,エレブー,でんき,なし,せいでんき,なし,やるき,65,83,57,95,85,105,490
126,ブーバー,ほのお,なし,ほのおのからだ,なし,やるき,65,95,57,100,85,93,495
127,カイロス,むし,なし,かいりきバサミ,かたやぶり,じしんかじょう,65,125,100,55,70,85,500
127-1,メガカイロス,むし,ひこう,スカイスキン,なし,なし,65,155,120,65,90,105,600
128,ケンタロス,ノーマル,なし,いかく,いかりのつぼ,ちからずく,75,100,95,40,70,110,490
129,コイキング,みず,なし,すいすい,なし,びびり,20,10,55,15,20,80,200
130,ギャラドス,みず,ひこう,いかく,なし,じしんかじょう,95,125,79,60,100,81,540
130-1,メガギャラドス,みず,あく,かたやぶり,なし,なし,95,155,109,70,130,81,640
131,ラプラス,みず,こおり,ちょすい,シェルアーマー,うるおいボディ,130,85,80,85,95,60,535
132,メタモン,ノーマル,なし,じゅうなん,なし,かわりもの,48,48,48,48,48,48,288
133,イーブイ,ノーマル,なし,にげあし,てきおうりょく,きけんよち,55,55,50,45,65,55,325
134,シャワーズ,みず,なし,ちょすい,なし,うるおいボディ,130,65,60,110,95,65,525
135,サンダース,でんき,なし,ちくでん,なし,はやあし,65,65,60,110,95,130,525
136,ブースター,ほのお,なし,もらいび,なし,こんじょう,65,130,60,95,110,65,525
137,ポリゴン,ノーマル,なし,トレース,ダウンロード,アナライズ,65,60,70,85,75,40,395
138,オムナイト,いわ,みず,すいすい,シェルアーマー,くだけるよろい,35,40,100,90,55,35,355
139,オムスター,いわ,みず,すいすい,シェルアーマー,くだけるよろい,70,60,125,115,70,55,495
140,カブト,いわ,みず,すいすい,カブトアーマー,くだけるよろい,30,80,90,55,45,55,355
141,カブトプス,いわ,みず,すいすい,カブトアーマー,くだけるよろい,60,115,105,65,70,80,495
142,プテラ,いわ,ひこう,いしあたま,プレッシャー,きんちょうかん,80,105,65,60,75,130,515
142-1,メガプテラ,いわ,ひこう,かたいツメ,なし,なし,80,135,85,70,95,150,615
143,カビゴン,ノーマル,なし,めんえき,あついしぼう,くいしんぼう,160,110,65,65,110,30,540
144,フリーザー,こおり,ひこう,プレッシャー,なし,ゆきがくれ,90,85,100,95,125,85,580
145,サンダー,でんき,ひこう,プレッシャー,なし,せいでんき,90,90,85,125,90,100,580
146,ファイヤー,ほのお,ひこう,プレッシャー,なし,ほのおのからだ,90,100,90,125,85,90,580
147,ミニリュウ,ドラゴン,なし,だっぴ,なし,ふしぎなうろこ,41,64,45,50,50,50,300
148,ハクリュー,ドラゴン,なし,だっぴ,なし,ふしぎなうろこ,61,84,65,70,70,70,420
149,カイリュー,ドラゴン,ひこう,せいしんりょく,なし,マルチスケイル,91,134,95,100,100,80,600
150,ミュウツー,エスパー,なし,プレッシャー,なし,きんちょうかん,106,110,90,154,90,130,680
150-1,メガミュウツーX,エスパー,かくとう,ふくつのこころ,なし,なし,106,190,100,154,100,130,780
150-2,メガミュウツーY,エスパー,なし,ふみん,なし,なし,106,150,70,194,120,140,780
151,ミュウ,エスパー,なし,シンクロ,なし,なし,100,100,100,100,100,100,600
152,チコリータ,くさ,なし,しんりょく,なし,リーフガード,45,49,65,49,65,45,318
153,ベイリーフ,くさ,なし,しんりょく,なし,リーフガード,60,62,80,63,80,60,405
154,メガニウム,くさ,なし,しんりょく,なし,リーフガード,80,82,100,83,100,80,525
155,ヒノアラシ,ほのお,なし,もうか,なし,もらいび,39,52,43,60,50,65,309
156,マグマラシ,ほのお,なし,もうか,なし,もらいび,58,64,58,80,65,80,405
157,バクフーン,ほのお,なし,もうか,なし,もらいび,78,84,78,109,85,100,534
158,ワニノコ,みず,なし,げきりゅう,なし,ちからずく,50,65,64,44,48,43,314
159,アリゲイツ,みず,なし,げきりゅう,なし,ちからずく,65,80,80,59,63,58,405
160,オーダイル,みず,なし,げきりゅう,なし,ちからずく,85,105,100,79,83,78,530
161,オタチ,ノーマル,なし,にげあし,するどいめ,おみとおし,35,46,34,35,45,20,215
162,オオタチ,ノーマル,なし,にげあし,するどいめ,おみとおし,85,76,64,45,55,90,415
163,ホーホー,ノーマル,ひこう,ふみん,するどいめ,いろめがね,60,30,30,36,56,50,262
164,ヨルノズク,ノーマル,ひこう,ふみん,するどいめ,いろめがね,100,50,50,86,96,70,452
165,レディバ,むし,ひこう,むしのしらせ,はやおき,びびり,40,20,30,40,80,55,265
166,レディアン,むし,ひこう,むしのしらせ,はやおき,てつのこぶし,55,35,50,55,110,85,390
167,イトマル,むし,どく,むしのしらせ,ふみん,スナイパー,40,60,40,40,40,30,250
168,アリアドス,むし,どく,むしのしらせ,ふみん,スナイパー,70,90,70,60,70,40,400
169,クロバット,どく,ひこう,せいしんりょく,なし,すりぬけ,85,90,80,70,80,130,535
170,チョンチー,みず,でんき,ちくでん,はっこう,ちょすい,75,38,38,56,56,67,330
171,ランターン,みず,でんき,ちくでん,はっこう,ちょすい,125,58,58,76,76,67,460
172,ピチュー,でんき,なし,せいでんき,なし,ひらいしん,20,40,15,35,35,60,205
173,ピィ,フェアリー,なし,メロメロボディ,マジックガード,フレンドガード,50,25,28,45,55,15,218
174,ププリン,ノーマル,フェアリー,メロメロボディ,かちき,フレンドガード,90,30,15,40,20,15,210
175,トゲピー,フェアリー,なし,はりきり,てんのめぐみ,きょううん,35,20,65,40,65,20,245
176,トゲチック,フェアリー,ひこう,はりきり,てんのめぐみ,きょううん,55,40,85,80,105,40,405
177,ネイティ,エスパー,ひこう,シンクロ,はやおき,マジックミラー,40,50,45,70,45,70,320
178,ネイティオ,エスパー,ひこう,シンクロ,はやおき,マジックミラー,65,75,70,95,70,95,470
179,メリープ,でんき,なし,せいでんき,なし,プラス,55,40,40,65,45,35,280
180,モココ,でんき,なし,せいでんき,なし,プラス,70,55,55,80,60,45,365
181,デンリュウ,でんき,なし,せいでんき,なし,プラス,90,75,85,115,90,55,510
181-1,メガデンリュウ,でんき,ドラゴン,かたやぶり,なし,なし,90,95,105,165,110,45,610
182,キレイハナ,くさ,なし,ようりょくそ,なし,いやしのこころ,75,80,95,90,100,50,490
183,マリル,みず,フェアリー,あついしぼう,ちからもち,そうしょく,70,20,50,20,50,40,250
184,マリルリ,みず,フェアリー,あついしぼう,ちからもち,そうしょく,100,50,80,60,80,50,420
185,ウソッキー,いわ,なし,がんじょう,いしあたま,びびり,70,100,115,30,65,30,410
186,ニョロトノ,みず,なし,ちょすい,しめりけ,あめふらし,90,75,75,90,100,70,500
187,ハネッコ,くさ,ひこう,ようりょくそ,リーフガード,すりぬけ,35,35,40,35,55,50,250
188,ポポッコ,くさ,ひこう,ようりょくそ,リーフガード,すりぬけ,55,45,50,45,65,80,340
189,ワタッコ,くさ,ひこう,ようりょくそ,リーフガード,すりぬけ,75,55,70,55,95,110,460
190,エイパム,ノーマル,なし,にげあし,ものひろい,スキルリンク,55,70,55,40,55,85,360
191,ヒマナッツ,くさ,なし,ようりょくそ,サンパワー,はやおき,30,30,30,30,30,30,180
192,キマワリ,くさ,なし,ようりょくそ,サンパワー,はやおき,75,75,55,105,85,30,425
193,ヤンヤンマ,むし,ひこう,かそく,ふくがん,おみとおし,65,65,45,75,45,95,390
194,ウパー,みず,じめん,しめりけ,ちょすい,てんねん,55,45,45,25,25,15,210
195,ヌオー,みず,じめん,しめりけ,ちょすい,てんねん,95,85,85,65,65,35,430
196,エーフィ,エスパー,なし,シンクロ,なし,マジックミラー,65,65,60,130,95,110,525
197,ブラッキー,あく,なし,シンクロ,なし,せいしんりょく,95,65,110,60,130,65,525
198,ヤミカラス,あく,ひこう,ふみん,きょううん,いたずらごころ,60,85,42,85,42,91,405
199,ヤドキング,みず,エスパー,どんかん,マイペース,さいせいりょく,95,75,80,100,110,30,490
200,ムウマ,ゴースト,なし,ふゆう,なし,なし,60,60,60,85,85,85,435
201,アンノーン,エスパー,なし,ふゆう,なし,なし,48,72,48,72,48,48,336
202,ソーナンス,エスパー,なし,かげふみ,なし,テレパシー,190,33,58,33,58,33,405
203,キリンリキ,ノーマル,エスパー,せいしんりょく,はやおき,そうしょく,70,80,65,90,65,85,455
204,クヌギダマ,むし,なし,がんじょう,なし,ぼうじん,50,65,90,35,35,15,290
205,フォレトス,むし,はがね,がんじょう,なし,ぼうじん,75,90,140,60,60,40,465
206,ノコッチ,ノーマル,なし,てんのめぐみ,にげあし,びびり,100,70,70,65,65,45,415
207,グライガー,じめん,ひこう,かいりきバサミ,すながくれ,めんえき,65,75,105,35,65,85,430
208,ハガネール,はがね,じめん,いしあたま,がんじょう,ちからずく,75,85,200,55,65,30,510
208-1,メガハガネール,はがね,じめん,すなのちから,なし,なし,75,125,230,55,95,30,610
209,ブルー,フェアリー,なし,いかく,にげあし,びびり,60,80,50,40,40,30,300
210,グランブル,フェアリー,なし,いかく,はやあし,びびり,90,120,75,60,60,45,450
211,ハリーセン,みず,どく,どくのトゲ,すいすい,いかく,65,95,85,55,55,85,440
212,ハッサム,むし,はがね,むしのしらせ,テクニシャン,ライトメタル,70,130,100,55,80,65,500
212-1,メガハッサム,むし,はがね,テクニシャン,なし,なし,70,150,140,65,100,75,600
213,ツボツボ,むし,いわ,がんじょう,くいしんぼう,あまのじゃく,20,10,230,10,230,5,505
214,ヘラクロス,むし,かくとう,むしのしらせ,こんじょう,じしんかじょう,80,125,75,40,95,85,500
214-1,メガヘラクロス,むし,かくとう,スキルリンク,なし,なし,80,185,115,40,105,75,600
215,ニューラ,あく,こおり,せいしんりょく,するどいめ,わるいてぐせ,55,95,55,35,75,115,430
216,ヒメグマ,ノーマル,なし,ものひろい,はやあし,みつあつめ,60,80,50,50,50,40,330
217,リングマ,ノーマル,なし,こんじょう,はやあし,きんちょうかん,90,130,75,75,75,55,500
218,マグマッグ,ほのお,なし,マグマのよろい,ほのおのからだ,くだけるよろい,40,40,40,70,40,20,250
219,マグカルゴ,ほのお,いわ,マグマのよろい,ほのおのからだ,くだけるよろい,60,50,120,90,80,30,430
220,ウリムー,こおり,じめん,どんかん,ゆきがくれ,あついしぼう,50,50,40,30,30,50,250
221,イノムー,こおり,じめん,どんかん,ゆきがくれ,あついしぼう,100,100,80,60,60,50,450
222,サニーゴ,みず,いわ,はりきり,しぜんかいふく,さいせいりょく,65,55,95,65,95,35,410
223,テッポウオ,みず,なし,はりきり,スナイパー,ムラっけ,35,65,35,65,35,65,300
224,オクタン,みず,なし,きゅうばん,スナイパー,ムラっけ,75,105,75,105,75,45,480
225,デリバード,こおり,ひこう,やるき,はりきり,ふみん,45,55,45,65,45,75,330
226,マンタイン,みず,ひこう,すいすい,ちょすい,みずのベール,85,40,70,80,140,70,485
227,エアームド,はがね,ひこう,するどいめ,がんじょう,くだけるよろい,65,80,140,40,70,70,465
228,デルビル,あく,ほのお,はやおき,もらいび,きんちょうかん,45,60,30,80,50,65,330
229,ヘルガー,あく,ほのお,はやおき,もらいび,きんちょうかん,75,90,50,110,80,95,500
229-1,メガヘルガー,あく,ほのお,サンパワー,なし,なし,75,90,90,140,90,115,600
230,キングドラ,みず,ドラゴン,すいすい,スナイパー,しめりけ,75,95,95,95,95,85,540
231,ゴマゾウ,じめん,なし,ものひろい,なし,すながくれ,90,60,60,40,40,40,330
232,ドンファン,じめん,なし,がんじょう,なし,すながくれ,90,120,120,60,60,50,500
233,ポリゴン２,ノーマル,なし,トレース,ダウンロード,アナライズ,85,80,90,105,95,60,515
234,オドシシ,ノーマル,なし,いかく,おみとおし,そうしょく,73,95,62,85,65,85,465
235,ドーブル,ノーマル,なし,マイペース,テクニシャン,ムラっけ,55,20,35,20,45,75,250
236,バルキー,かくとう,なし,こんじょう,ふくつのこころ,やるき,35,35,35,35,35,35,210
237,カポエラー,かくとう,なし,いかく,テクニシャン,ふくつのこころ,50,95,95,35,110,70,455
238,ムチュール,こおり,エスパー,どんかん,よちむ,うるおいボディ,45,30,15,85,65,65,305
239,エレキッド,でんき,なし,せいでんき,なし,やるき,45,63,37,65,55,95,360
240,ブビィ,ほのお,なし,ほのおのからだ,なし,やるき,45,75,37,70,55,83,365
241,ミルタンク,ノーマル,なし,あついしぼう,きもったま,そうしょく,95,80,105,40,70,100,490
242,ハピナス,ノーマル,なし,しぜんかいふく,てんのめぐみ,いやしのこころ,255,10,10,75,135,55,540
243,ライコウ,でんき,なし,プレッシャー,なし,せいしんりょく,90,85,75,115,100,115,580
244,エンテイ,ほのお,なし,プレッシャー,なし,せいしんりょく,115,115,85,90,75,100,580
245,スイクン,みず,なし,プレッシャー,なし,せいしんりょく,100,75,115,90,115,85,580
246,ヨーギラス,いわ,じめん,こんじょう,なし,すながくれ,50,64,50,45,50,41,300
247,サナギラス,いわ,じめん,だっぴ,なし,だっぴ,70,84,70,65,70,51,410
248,バンギラス,いわ,あく,すなおこし,なし,きんちょうかん,100,134,110,95,100,61,600
248-1,メガバンギラス,いわ,あく,すなおこし,なし,なし,100,164,150,95,120,71,700
249,ルギア,エスパー,ひこう,プレッシャー,なし,マルチスケイル,106,90,130,90,154,110,680
250,ホウオウ,ほのお,ひこう,プレッシャー,なし,さいせいりょく,106,130,90,110,154,90,680
251,セレビィ,エスパー,むし,しぜんかいふく,なし,なし,100,100,100,100,100,100,600
252,キモリ,くさ,なし,しんりょく,なし,かるわざ,40,45,35,65,55,70,310
253,ジュプトル,くさ,なし,しんりょく,なし,かるわざ,50,65,45,85,65,95,405
254,ジュカイン,くさ,なし,しんりょく,なし,かるわざ,70,85,65,105,85,120,530
254-1,メガジュカイン,くさ,ドラゴン,ひらいしん,なし,なし,70,110,75,145,85,145,630
255,アチャモ,ほのお,なし,もうか,なし,かそく,45,60,40,70,50,45,310
256,ワカシャモ,ほのお,かくとう,もうか,なし,かそく,60,85,60,85,60,55,405
257,バシャーモ,ほのお,かくとう,もうか,なし,かそく,80,120,70,110,70,80,530
257-1,メガバシャーモ,ほのお,かくとう,かそく,なし,なし,80,160,80,130,80,100,630
258,ミズゴロウ,みず,なし,げきりゅう,なし,しめりけ,50,70,50,50,50,40,310
259,ヌマクロー,みず,じめん,げきりゅう,なし,しめりけ,70,85,70,60,70,50,405
260,ラグラージ,みず,じめん,げきりゅう,なし,しめりけ,100,110,90,85,90,60,535
260-1,メガラグラージ,みず,じめん,すいすい,なし,なし,100,150,110,95,110,70,635
261,ポチエナ,あく,なし,にげあし,はやあし,びびり,35,55,35,30,30,35,220
262,グラエナ,あく,なし,いかく,はやあし,じしんかじょう,70,90,70,60,60,70,420
263,ジグザグマ,ノーマル,なし,ものひろい,くいしんぼう,はやあし,38,30,41,30,41,60,240
264,マッスグマ,ノーマル,なし,ものひろい,くいしんぼう,はやあし,78,70,61,50,61,100,420
265,ケムッソ,むし,なし,りんぷん,なし,にげあし,45,45,35,20,30,20,195
266,カラサリス,むし,なし,だっぴ,なし,だっぴ,50,35,55,25,25,15,205
267,アゲハント,むし,ひこう,むしのしらせ,なし,とうそうしん,60,70,50,100,50,65,395
268,マユルド,むし,なし,だっぴ,なし,だっぴ,50,35,55,25,25,15,205
269,ドクケイル,むし,どく,りんぷん,なし,ふくがん,60,50,70,50,90,65,385
270,ハスボー,みず,むし,すいすい,あめうけざら,マイペース,40,30,30,40,50,30,220
271,ハスブレロ,みず,むし,すいすい,あめうけざら,マイペース,60,50,50,60,70,50,340
272,ルンパッパ,みず,むし,すいすい,あめうけざら,マイペース,80,70,70,90,100,70,480
273,タネボー,くさ,なし,ようりょくそ,はやおき,わるいてぐせ,40,40,50,30,30,30,220
274,コノハナ,くさ,あく,ようりょくそ,はやおき,わるいてぐせ,70,70,40,60,40,60,340
275,ダーテング,くさ,あく,ようりょくそ,はやおき,わるいてぐせ,90,100,60,90,60,80,480
276,スバメ,ノーマル,ひこう,こんじょう,なし,きもったま,40,55,30,30,30,85,270
277,オオスバメ,ノーマル,ひこう,こんじょう,なし,きもったま,60,85,60,75,50,125,455
278,キャモメ,みず,ひこう,するどいめ,うるおいボディ,あめうけざら,40,30,30,55,30,85,270
279,ペリッパー,みず,ひこう,するどいめ,あめふらし,あめうけざら,60,50,100,95,70,65,440
280,ラルトス,エスパー,フェアリー,シンクロ,トレース,テレパシー,28,25,25,45,35,40,198
281,キルリア,エスパー,フェアリー,シンクロ,トレース,テレパシー,38,35,35,65,55,50,278
282,サーナイト,エスパー,フェアリー,シンクロ,トレース,テレパシー,68,65,65,125,115,80,518
282-1,メガサーナイト,エスパー,フェアリー,フェアリースキン,なし,なし,68,85,65,165,135,100,618
283,アメタマ,むし,みず,すいすい,なし,あめうけざら,40,30,32,50,52,65,269
284,アメモース,むし,ひこう,いかく,なし,きんちょうかん,70,60,62,100,82,80,454
285,キノココ,くさ,なし,ほうし,ポイズンヒール,はやあし,60,40,60,40,60,35,295
286,キノガッサ,くさ,かくとう,ほうし,ポイズンヒール,テクニシャン,60,130,80,60,60,70,460
287,ナマケロ,ノーマル,なし,なまけ,なし,なし,60,60,60,35,35,30,280
288,ヤルキモノ,ノーマル,なし,やるき,なし,なし,80,80,80,55,55,90,440
289,ケッキング,ノーマル,なし,なまけ,なし,なし,150,160,100,95,65,100,670
290,ツチニン,むし,じめん,ふくがん,なし,にげあし,31,45,90,30,30,40,266
291,テッカニン,むし,ひこう,かそく,なし,すりぬけ,61,90,45,50,50,160,456
292,ヌケニン,むし,ゴースト,ふしぎなまもり,なし,ふしぎなまもり,1,90,45,30,30,40,236
293,ゴニョニョ,ノーマル,なし,ぼうおん,なし,びびり,64,51,23,51,23,28,240
294,ドゴーム,ノーマル,なし,ぼうおん,なし,きもったま,84,71,43,71,43,48,360
295,バクオング,ノーマル,なし,ぼうおん,なし,きもったま,104,91,63,91,73,68,490
296,マクノシタ,かくとう,なし,あついしぼう,こんじょう,ちからずく,72,60,30,20,30,25,237
297,ハリテヤマ,かくとう,なし,あついしぼう,こんじょう,ちからずく,144,120,60,40,60,50,474
298,ルリリ,ノーマル,フェアリー,あついしぼう,ちからもち,そうしょく,50,20,40,20,40,20,190
299,ノズパス,いわ,なし,がんじょう,じりょく,すなのちから,30,45,135,45,90,30,375
300,エネコ,ノーマル,なし,メロメロボディ,ノーマルスキン,ミラクルスキン,50,45,45,35,35,50,260
301,エネコロロ,ノーマル,なし,メロメロボディ,ノーマルスキン,ミラクルスキン,70,65,65,55,55,90,400
302,ヤミラミ,あく,ゴースト,するどいめ,あとだし,いたずらごころ,50,75,75,65,65,50,380
302-1,メガヤミラミ,あく,ゴースト,マジックミラー,なし,なし,50,85,125,85,115,20,480
303,クチート,はがね,フェアリー,かいりきバサミ,いかく,ちからずく,50,85,85,55,55,50,380
303-1,メガクチート,はがね,フェアリー,ちからもち,なし,なし,50,105,125,55,95,50,480
304,ココドラ,はがね,いわ,がんじょう,いしあたま,ヘヴィメタル,50,70,100,40,40,30,330
305,コドラ,はがね,いわ,がんじょう,いしあたま,ヘヴィメタル,60,90,140,50,50,40,430
306,ボスゴドラ,はがね,いわ,がんじょう,いしあたま,ヘヴィメタル,70,110,180,60,60,50,530
306-1,メガボスゴドラ,はがね,なし,フィルター,なし,なし,70,140,230,60,80,50,630
307,アサナン,かくとう,エスパー,ヨガパワー,なし,テレパシー,30,40,55,40,55,60,280
308,チャーレム,かくとう,エスパー,ヨガパワー,なし,テレパシー,60,60,75,60,75,80,410
308-1,メガチャーレム,かくとう,エスパー,ヨガパワー,なし,なし,60,100,85,80,85,100,510
309,ラクライ,でんき,なし,せいでんき,ひらいしん,マイナス,40,45,40,65,40,65,295
310,ライボルト,でんき,なし,せいでんき,ひらいしん,マイナス,70,75,60,105,60,105,475
310-1,メガライボルト,でんき,なし,いかく,なし,なし,70,75,80,135,80,135,575
311,プラスル,でんき,なし,プラス,なし,ひらいしん,60,50,40,85,75,95,405
312,マイナン,でんき,なし,マイナス,なし,ちくでん,60,40,50,75,85,95,405
313,バルビート,むし,なし,はっこう,むしのしらせ,いたずらごころ,65,73,75,47,85,85,430
314,イルミーゼ,むし,なし,どんかん,いろめがね,いたずらごころ,65,47,75,73,85,85,430
315,ロゼリア,くさ,どく,しぜんかいふく,どくのトゲ,リーフガード,50,60,45,100,80,65,400
316,ゴクリン,どく,なし,ヘドロえき,ねんちゃく,くいしんぼう,70,43,53,43,53,40,302
317,マルノーム,どく,なし,ヘドロえき,ねんちゃく,くいしんぼう,100,73,83,73,83,55,467
318,キバニア,みず,あく,さめはだ,なし,かそく,45,90,20,65,20,65,305
319,サメハダー,みず,あく,さめはだ,なし,かそく,70,120,40,95,40,95,460
319-1,メガサメハダー,みず,あく,がんじょうあご,なし,なし,70,140,70,110,65,105,560
320,ホエルコ,みず,なし,みずのベール,どんかん,プレッシャー,130,70,35,70,35,60,400
321,ホエルオー,みず,なし,みずのベール,どんかん,プレッシャー,170,90,45,90,45,60,500
322,ドンメル,ほのお,じめん,どんかん,たんじゅん,マイペース,60,60,40,65,45,35,305
323,バクーダ,ほのお,じめん,マグマのよろい,ハードロック,いかりのつぼ,70,100,70,105,75,40,460
323-1,メガバクーダ,ほのお,じめん,ちからずく,なし,なし,70,120,100,145,105,20,560
324,コータス,ほのお,なし,しろいけむり,ひでり,シェルアーマー,70,85,140,85,70,20,470
325,バネブー,エスパー,なし,あついしぼう,マイペース,くいしんぼう,60,25,35,70,80,60,330
326,ブーピッグ,エスパー,なし,あついしぼう,マイペース,くいしんぼう,80,45,65,90,110,80,470
327,パッチール,ノーマル,なし,マイペース,ちどりあし,あまのじゃく,60,60,60,60,60,60,360
328,ナックラー,じめん,なし,かいりきバサミ,ありじごく,ちからずく,45,100,45,45,45,10,290
329,ビブラーバ,じめん,ドラゴン,ふゆう,なし,ふゆう,50,70,50,50,50,70,340
330,フライゴン,じめん,ドラゴン,ふゆう,なし,ふゆう,80,100,80,80,80,100,520
331,サボネア,くさ,なし,すながくれ,なし,ちょすい,50,85,40,85,40,35,335
332,ノクタス,くさ,あく,すながくれ,なし,ちょすい,70,115,60,115,60,55,475
333,チルット,ノーマル,ひこう,しぜんかいふく,なし,ノーてんき,45,40,60,40,75,50,310
334,チルタリス,ドラゴン,ひこう,しぜんかいふく,なし,ノーてんき,75,70,90,70,105,80,490
334-1,メガチルタリス,ドラゴン,フェアリー,フェアリースキン,なし,なし,75,110,110,110,105,80,590
335,ザングース,ノーマル,なし,めんえき,なし,どくぼうそう,73,115,60,60,60,90,458
336,ハブネーク,どく,なし,だっぴ,なし,すりぬけ,73,100,60,100,60,65,458
337,ルナトーン,いわ,エスパー,ふゆう,なし,なし,90,55,65,95,85,70,460
338,ソルロック,いわ,エスパー,ふゆう,なし,なし,90,95,85,55,65,70,460
339,ドジョッチ,みず,じめん,どんかん,きけんよち,うるおいボディ,50,48,43,46,41,60,288
340,ナマズン,みず,じめん,どんかん,きけんよち,うるおいボディ,110,78,73,76,71,60,468
341,ヘイガニ,みず,なし,かいりきバサミ,シェルアーマー,てきおうりょく,43,80,65,50,35,35,308
342,シザリガー,みず,あく,かいりきバサミ,シェルアーマー,てきおうりょく,63,120,85,90,55,55,468
343,ヤジロン,じめん,エスパー,ふゆう,なし,なし,40,40,55,40,70,55,300
344,ネンドール,じめん,エスパー,ふゆう,なし,なし,60,70,105,70,120,75,500
345,リリーラ,いわ,くさ,きゅうばん,なし,よびみず,66,41,77,61,87,23,355
346,ユレイドル,いわ,くさ,きゅうばん,なし,よびみず,86,81,97,81,107,43,495
347,アノプス,いわ,むし,カブトアーマー,なし,すいすい,45,95,50,40,50,75,355
348,アーマルド,いわ,むし,カブトアーマー,なし,すいすい,75,125,100,70,80,45,495
349,ヒンバス,みず,なし,すいすい,どんかん,てきおうりょく,20,15,20,10,55,80,200
350,ミロカロス,みず,なし,ふしぎなうろこ,かちき,メロメロボディ,95,60,79,100,125,81,540
351,ポワルン,ノーマル,なし,てんきや,なし,なし,70,70,70,70,70,70,420
352,カクレオン,ノーマル,なし,へんしょく,なし,へんげんじざい,60,90,70,60,120,40,440
353,カゲボウズ,ゴースト,なし,ふみん,おみとおし,のろわれボディ,44,75,35,63,33,45,295
354,ジュペッタ,ゴースト,なし,ふみん,おみとおし,のろわれボディ,64,115,65,83,63,65,455
354-1,メガジュペッタ,ゴースト,なし,いたずらごころ,なし,なし,64,165,75,93,83,75,555
355,ヨマワル,ゴースト,なし,ふゆう,なし,おみとおし,20,40,90,30,90,25,295
356,サマヨール,ゴースト,なし,プレッシャー,なし,おみとおし,40,70,130,60,130,25,455
357,トロピウス,くさ,ひこう,ようりょくそ,サンパワー,しゅうかく,99,68,83,72,87,51,460
358,チリーン,エスパー,なし,ふゆう,なし,なし,75,50,80,95,90,65,455
359,アブソル,あく,なし,プレッシャー,きょううん,せいぎのこころ,65,130,60,75,60,75,465
359-1,メガアブソル,あく,なし,マジックミラー,なし,なし,65,150,60,115,60,115,565
360,ソーナノ,エスパー,なし,かげふみ,なし,テレパシー,95,23,48,23,48,23,260
361,ユキワラシ,こおり,なし,せいしんりょく,アイスボディ,ムラっけ,50,50,50,50,50,50,300
362,オニゴーリ,こおり,なし,せいしんりょく,アイスボディ,ムラっけ,80,80,80,80,80,80,480
362-1,メガオニゴーリ,こおり,なし,フリーズスキン,なし,なし,80,120,80,120,80,100,580
363,タマザラシ,こおり,みず,あついしぼう,アイスボディ,どんかん,70,40,50,55,50,25,290
364,トドグラー,こおり,みず,あついしぼう,アイスボディ,どんかん,90,60,70,75,70,45,410
365,トドゼルガ,こおり,みず,あついしぼう,アイスボディ,どんかん,110,80,90,95,90,65,530
366,パールル,みず,なし,シェルアーマー,なし,びびり,35,64,85,74,55,32,345
367,ハンテール,みず,なし,すいすい,なし,みずのベール,55,104,105,94,75,52,485
368,サクラビス,みず,なし,すいすい,なし,うるおいボディ,55,84,105,114,75,52,485
369,ジーランス,みず,いわ,すいすい,いしあたま,がんじょう,100,90,130,45,65,55,485
370,ラブカス,みず,なし,すいすい,なし,うるおいボディ,43,30,55,40,65,97,330
371,タツベイ,ドラゴン,なし,いしあたま,なし,ちからずく,45,75,60,40,30,50,300
372,コモルー,ドラゴン,なし,いしあたま,なし,ぼうじん,65,95,100,60,50,50,420
373,ボーマンダ,ドラゴン,ひこう,いかく,なし,じしんかじょう,95,135,80,110,80,100,600
373-1,メガボーマンダ,ドラゴン,ひこう,スカイスキン,なし,なし,95,145,130,120,90,120,700
374,ダンバル,はがね,エスパー,クリアボディ,なし,ライトメタル,40,55,80,35,60,30,300
375,メタング,はがね,エスパー,クリアボディ,なし,ライトメタル,60,75,100,55,80,50,420
376,メタグロス,はがね,エスパー,クリアボディ,なし,ライトメタル,80,135,130,95,90,70,600
376-1,メガメタグロス,はがね,エスパー,かたいツメ,なし,なし,80,145,150,105,110,110,700
377,レジロック,いわ,なし,クリアボディ,なし,がんじょう,80,100,200,50,100,50,580
378,レジアイス,こおり,なし,クリアボディ,なし,アイスボディ,80,50,100,100,200,50,580
379,レジスチル,はがね,なし,クリアボディ,なし,ライトメタル,80,75,150,75,150,50,580
380,ラティアス,ドラゴン,エスパー,ふゆう,なし,なし,80,80,90,110,130,110,600
380-1,メガラティアス,ドラゴン,エスパー,ふゆう,なし,なし,80,100,120,140,150,110,700
381,ラティオス,ドラゴン,エスパー,ふゆう,なし,なし,80,90,80,130,110,110,600
381-1,メガラティオス,ドラゴン,エスパー,ふゆう,なし,なし,80,130,100,160,120,110,700
382,カイオーガ,みず,なし,あめふらし,なし,なし,100,100,90,150,140,90,670
382-1,ゲンシカイオーガ,みず,なし,はじまりのうみ,なし,なし,100,150,90,180,160,90,770
383,グラードン,じめん,なし,ひでり,なし,なし,100,150,140,100,90,90,670
383-1,ゲンシグラードン,じめん,ほのお,おわりのだいち,なし,なし,100,180,160,150,90,90,770
384,レックウザ,ドラゴン,ひこう,エアロック,なし,なし,105,150,90,150,90,95,680
384-1,メガレックウザ,ドラゴン,ひこう,デルタストリーム,なし,なし,105,180,100,180,100,115,780
385,ジラーチ,はがね,エスパー,てんのめぐみ,なし,なし,100,100,100,100,100,100,600
386,デオキシスN,エスパー,なし,プレッシャー,なし,なし,50,150,50,150,50,150,600
386-1,デオキシスA,エスパー,なし,プレッシャー,なし,なし,50,180,20,180,20,150,600
386-2,デオキシスD,エスパー,なし,プレッシャー,なし,なし,50,70,160,70,160,90,600
386-3,デオキシスS,エスパー,なし,プレッシャー,なし,なし,50,95,90,95,90,180,600
387,ナエトル,くさ,なし,しんりょく,なし,シェルアーマー,55,68,64,45,55,31,318
388,ハヤシガメ,くさ,なし,しんりょく,なし,シェルアーマー,75,89,85,55,65,36,405
389,ドダイトス,くさ,じめん,しんりょく,なし,シェルアーマー,95,109,105,75,85,56,525
390,ヒコザル,ほのお,なし,もうか,なし,てつのこぶし,44,58,44,58,44,61,309
391,モウカザル,ほのお,かくとう,もうか,なし,てつのこぶし,64,78,52,78,52,81,405
392,ゴウカザル,ほのお,かくとう,もうか,なし,てつのこぶし,76,104,71,104,71,108,534
393,ポッチャマ,みず,なし,げきりゅう,なし,まけんき,53,51,53,61,56,40,314
394,ポッタイシ,みず,なし,げきりゅう,なし,まけんき,64,66,68,81,76,50,405
395,エンペルト,みず,はがね,げきりゅう,なし,まけんき,84,86,88,111,101,60,530
396,ムックル,ノーマル,ひこう,するどいめ,なし,すてみ,40,55,30,30,30,60,245
397,ムクバード,ノーマル,ひこう,いかく,なし,すてみ,55,75,50,40,40,80,340
398,ムクホーク,ノーマル,ひこう,いかく,なし,すてみ,85,120,70,50,60,100,485
399,ビッパ,ノーマル,なし,たんじゅん,てんねん,ムラっけ,59,45,40,35,40,31,250
400,ビーダル,ノーマル,みず,たんじゅん,てんねん,ムラっけ,79,85,60,55,60,71,410
401,コロボーシ,むし,なし,だっぴ,なし,にげあし,37,25,41,25,41,25,194
402,コロトック,むし,なし,むしのしらせ,なし,テクニシャン,77,85,51,55,51,65,384
403,コリンク,でんき,なし,とうそうしん,いかく,こんじょう,45,65,34,40,34,45,263
404,ルクシオ,でんき,なし,とうそうしん,いかく,こんじょう,60,85,49,60,49,60,363
405,レントラー,でんき,なし,とうそうしん,いかく,こんじょう,80,120,79,95,79,70,523
406,スボミー,くさ,どく,しぜんかいふく,どくのトゲ,リーフガード,40,30,35,50,70,55,280
407,ロズレイド,くさ,どく,しぜんかいふく,どくのトゲ,テクニシャン,60,70,65,125,105,90,515
408,ズガイドス,いわ,なし,かたやぶり,なし,ちからずく,67,125,40,30,30,58,350
409,ラムパルド,いわ,なし,かたやぶり,なし,ちからずく,97,165,60,65,50,58,495
410,タテトプス,いわ,はがね,がんじょう,なし,ぼうおん,30,42,118,42,88,30,350
411,トリデプス,いわ,はがね,がんじょう,なし,ぼうおん,60,52,168,47,138,30,495
412,ミノムッチ,むし,なし,だっぴ,なし,ぼうじん,40,29,45,29,45,36,224
413,ミノマダム草,むし,くさ,きけんよち,なし,ぼうじん,60,59,85,79,105,36,424
413-1,ミノマダム地,むし,じめん,きけんよち,なし,ぼうじん,60,79,105,59,85,36,424
413-2,ミノマダム鋼,むし,はがね,きけんよち,なし,ぼうじん,60,69,95,69,95,36,424
414,ガーメイル,むし,ひこう,むしのしらせ,なし,いろめがね,70,94,50,94,50,66,424
415,ミツハニー,むし,ひこう,みつあつめ,なし,はりきり,30,30,42,30,42,70,244
416,ビークイン,むし,ひこう,プレッシャー,なし,きんちょうかん,70,80,102,80,102,40,474
417,パチリス,でんき,なし,にげあし,ものひろい,ちくでん,60,45,70,45,90,95,405
418,ブイゼル,みず,なし,すいすい,なし,みずのベール,55,65,35,60,30,85,330
419,フローゼル,みず,なし,すいすい,なし,みずのベール,85,105,55,85,50,115,495
420,チェリンボ,くさ,なし,ようりょくそ,なし,なし,45,35,45,62,53,35,275
421,チェリム,くさ,なし,フラワーギフト,なし,なし,70,60,70,87,78,85,450
422,カラナクシ,みず,なし,ねんちゃく,よびみず,すなのちから,76,48,48,57,62,34,325
423,トリトドン,みず,じめん,ねんちゃく,よびみず,すなのちから,111,83,68,92,82,39,475
424,エテボース,ノーマル,なし,テクニシャン,ものひろい,スキルリンク,75,100,66,60,66,115,482
425,フワンテ,ゴースト,ひこう,ゆうばく,かるわざ,ねつぼうそう,90,50,34,60,44,70,348
426,フワライド,ゴースト,ひこう,ゆうばく,かるわざ,ねつぼうそう,150,80,44,90,54,80,498
427,ミミロル,ノーマル,なし,にげあし,ぶきよう,じゅうなん,55,66,44,44,56,85,350
428,ミミロップ,ノーマル,なし,メロメロボディ,ぶきよう,じゅうなん,65,76,84,54,96,105,480
428-1,メガミミロップ,ノーマル,かくとう,きもったま,なし,なし,65,136,94,54,96,135,580
429,ムウマージ,ゴースト,なし,ふゆう,なし,なし,60,60,60,105,105,105,495
430,ドンカラス,あく,ひこう,ふみん,きょううん,じしんかじょう,100,125,52,105,52,71,505
431,ニャルマー,ノーマル,なし,じゅうなん,マイペース,するどいめ,49,55,42,42,37,85,310
432,ブニャット,ノーマル,なし,あついしぼう,マイペース,まけんき,71,82,64,64,59,112,452
433,リーシャン,エスパー,なし,ふゆう,なし,なし,45,30,50,65,50,45,285
434,スカンプー,どく,あく,あくしゅう,ゆうばく,するどいめ,63,63,47,41,41,74,329
435,スカタンク,どく,あく,あくしゅう,ゆうばく,するどいめ,103,93,67,71,61,84,479
436,ドーミラー,はがね,エスパー,ふゆう,たいねつ,ヘヴィメタル,57,24,86,24,86,23,300
437,ドータクン,はがね,エスパー,ふゆう,たいねつ,ヘヴィメタル,67,89,116,79,116,33,500
438,ウソハチ,いわ,なし,がんじょう,いしあたま,びびり,50,80,95,10,45,10,290
439,マネネ,エスパー,フェアリー,ぼうおん,フィルター,テクニシャン,20,25,45,70,90,60,310
440,ピンプク,ノーマル,なし,しぜんかいふく,てんのめぐみ,フレンドガード,100,5,5,15,65,30,220
441,ペラップ,ノーマル,ひこう,するどいめ,ちどりあし,はとむね,76,65,45,92,42,91,411
442,ミカルゲ,ゴースト,あく,プレッシャー,なし,すりぬけ,50,92,108,92,108,35,485
443,フカマル,ドラゴン,じめん,すながくれ,なし,さめはだ,58,70,45,40,45,42,300
444,ガバイト,ドラゴン,じめん,すながくれ,なし,さめはだ,68,90,65,50,55,82,410
445,ガブリアス,ドラゴン,じめん,すながくれ,なし,さめはだ,108,130,95,80,85,102,600
445-1,メガガブリアス,ドラゴン,じめん,すなのちから,なし,なし,108,170,115,120,95,92,700
446,ゴンベ,ノーマル,なし,ものひろい,あついしぼう,くいしんぼう,135,85,40,40,85,5,390
447,リオル,かくとう,なし,ふくつのこころ,せいしんりょく,いたずらごころ,40,70,40,35,40,60,285
448,ルカリオ,かくとう,はがね,ふくつのこころ,せいしんりょく,せいぎのこころ,70,110,70,115,70,90,525
448-1,メガルカリオ,かくとう,はがね,てきおうりょく,なし,なし,70,145,88,140,70,112,625
449,ヒポポタス,じめん,なし,すなおこし,なし,すなのちから,68,72,78,38,42,32,330
450,カバルドン,じめん,なし,すなおこし,なし,すなのちから,108,112,118,68,72,47,525
451,スコルピ,どく,むし,カブトアーマー,スナイパー,するどいめ,40,50,90,30,55,65,330
452,ドラピオン,どく,あく,カブトアーマー,スナイパー,するどいめ,70,90,110,60,75,95,500
453,グレッグル,どく,かくとう,きけんよち,かんそうはだ,どくしゅ,48,61,40,61,40,50,300
454,ドクロッグ,どく,かくとう,きけんよち,かんそうはだ,どくしゅ,83,106,65,86,65,85,490
455,マスキッパ,くさ,なし,ふゆう,なし,なし,74,100,72,90,72,46,454
456,ケイコウオ,みず,なし,すいすい,よびみず,みずのベール,49,49,56,49,61,66,330
457,ネオラント,みず,なし,すいすい,よびみず,みずのベール,69,69,76,69,86,91,460
458,タマンタ,みず,ひこう,すいすい,ちょすい,みずのベール,45,20,50,60,120,50,345
459,ユキカブリ,くさ,こおり,ゆきふらし,なし,ぼうおん,60,62,50,62,60,40,334
460,ユキノオー,くさ,こおり,ゆきふらし,なし,ぼうおん,90,92,75,92,85,60,494
460-1,メガユキノオー,くさ,こおり,ゆきふらし,なし,なし,90,132,105,132,105,30,594
461,マニューラ,あく,こおり,プレッシャー,なし,わるいてぐせ,70,120,65,45,85,125,510
462,ジバコイル,でんき,はがね,じりょく,がんじょう,アナライズ,70,70,115,130,90,60,535
463,ベロベルト,ノーマル,なし,マイペース,どんかん,ノーてんき,110,85,95,80,95,50,515
464,ドサイドン,じめん,いわ,ひらいしん,ハードロック,すてみ,115,140,130,55,55,40,535
465,モジャンボ,くさ,なし,ようりょくそ,リーフガード,さいせいりょく,100,100,125,110,50,50,535
466,エレキブル,でんき,なし,でんきエンジン,なし,やるき,75,123,67,95,85,95,540
467,ブーバーン,ほのお,なし,ほのおのからだ,なし,やるき,75,95,67,125,95,83,540
468,トゲキッス,フェアリー,ひこう,はりきり,てんのめぐみ,きょううん,85,50,95,120,115,80,545
469,メガヤンマ,むし,ひこう,かそく,いろめがね,おみとおし,86,76,86,116,56,95,515
470,リーフィア,くさ,なし,リーフガード,なし,ようりょくそ,65,110,130,60,65,95,525
471,グレイシア,こおり,なし,ゆきがくれ,なし,アイスボディ,65,60,110,130,95,65,525
472,グライオン,じめん,ひこう,かいりきバサミ,すながくれ,ポイズンヒール,75,95,125,45,75,95,510
473,マンムー,こおり,じめん,どんかん,ゆきがくれ,あついしぼう,110,130,80,70,60,80,530
474,ポリゴンＺ,ノーマル,なし,てきおうりょく,ダウンロード,アナライズ,85,80,70,135,75,90,535
475,エルレイド,エスパー,かくとう,ふくつのこころ,なし,せいぎのこころ,68,125,65,65,115,80,518
475-1,メガエルレイド,エスパー,かくとう,せいしんりょく,なし,なし,68,165,95,65,115,110,618
476,ダイノーズ,いわ,はがね,がんじょう,じりょく,すなのちから,60,55,145,75,150,40,525
477,ヨノワール,ゴースト,なし,プレッシャー,なし,おみとおし,45,100,135,65,135,45,525
478,ユキメノコ,こおり,ゴースト,ゆきがくれ,なし,のろわれボディ,70,80,70,80,70,110,480
479,ロトム,でんき,ゴースト,ふゆう,なし,なし,50,50,77,95,77,91,440
479-1,ロトム炎,でんき,ほのお,ふゆう,なし,なし,50,65,107,105,107,86,520
479-2,ロトム水,でんき,みず,ふゆう,なし,なし,50,65,107,105,107,86,520
479-3,ロトム氷,でんき,こおり,ふゆう,なし,なし,50,65,107,105,107,86,520
479-4,ロトム飛,でんき,ひこう,ふゆう,なし,なし,50,65,107,105,107,86,520
479-5,ロトム草,でんき,くさ,ふゆう,なし,なし,50,65,107,105,107,86,520
480,ユクシー,エスパー,なし,ふゆう,なし,なし,75,75,130,75,130,95,580
481,エムリット,エスパー,なし,ふゆう,なし,なし,80,105,105,105,105,80,580
482,アグノム,エスパー,なし,ふゆう,なし,なし,75,125,70,125,70,115,580
483,ディアルガ,はがね,ドラゴン,プレッシャー,なし,テレパシー,100,120,120,150,100,90,680
484,パルキア,みず,ドラゴン,プレッシャー,なし,テレパシー,90,120,100,150,120,100,680
485,ヒードラン,ほのお,はがね,もらいび,なし,ほのおのからだ,91,90,106,130,106,77,600
486,レジギガス,ノーマル,なし,スロースタート,なし,なし,110,160,110,80,110,100,670
487,ギラティナA,ゴースト,ドラゴン,プレッシャー,なし,テレパシー,150,100,120,100,120,90,680
487-1,ギラティナO,ゴースト,ドラゴン,ふゆう,なし,なし,150,120,100,120,100,90,680
488,クレセリア,エスパー,なし,ふゆう,なし,なし,120,70,120,75,130,85,600
489,フィオネ,みず,なし,うるおいボディ,なし,なし,80,80,80,80,80,80,480
490,マナフィ,みず,なし,うるおいボディ,なし,なし,100,100,100,100,100,100,600
491,ダークライ,あく,なし,ナイトメア,なし,なし,70,90,90,135,90,125,600
492,シェイミL,くさ,なし,しぜんかいふく,なし,なし,100,100,100,100,100,100,600
492-1,シェイミS,くさ,ひこう,てんのめぐみ,なし,なし,100,103,75,120,75,127,600
493,アルセウス,ノーマル,なし,マルチタイプ,なし,なし,120,120,120,120,120,120,720
494,ビクティニ,エスパー,ほのお,しょうりのほし,なし,なし,100,100,100,100,100,100,600
495,ツタージャ,くさ,なし,しんりょく,なし,あまのじゃく,45,45,55,45,55,63,308
496,ジャノビー,くさ,なし,しんりょく,なし,あまのじゃく,60,60,75,60,75,83,413
497,ジャローダ,くさ,なし,しんりょく,なし,あまのじゃく,75,75,95,75,95,113,528
498,ポカブ,ほのお,なし,もうか,なし,あついしぼう,65,63,45,45,45,45,308
499,チャオブー,ほのお,かくとう,もうか,なし,あついしぼう,90,93,55,70,55,55,418
500,エンブオー,ほのお,かくとう,もうか,なし,すてみ,110,123,65,100,65,65,528
501,ミジュマル,みず,なし,げきりゅう,なし,シェルアーマー,55,55,45,63,45,45,308
502,フタチマル,みず,なし,げきりゅう,なし,シェルアーマー,75,75,60,83,60,60,413
503,ダイケンキ,みず,なし,げきりゅう,なし,シェルアーマー,95,100,85,108,70,70,528
504,ミネズミ,ノーマル,なし,にげあし,するどいめ,アナライズ,45,55,39,35,39,42,255
505,ミルホッグ,ノーマル,なし,はっこう,するどいめ,アナライズ,60,85,69,60,69,77,420
506,ヨーテリー,ノーマル,なし,やるき,ものひろい,にげあし,45,60,45,25,45,55,275
507,ハーデリア,ノーマル,なし,いかく,すなかき,きもったま,65,80,65,35,65,60,370
508,ムーランド,ノーマル,なし,いかく,すなかき,きもったま,85,110,90,45,90,80,500
509,チョロネコ,あく,なし,じゅうなん,かるわざ,いたずらごころ,41,50,37,50,37,66,281
510,レパルダス,あく,なし,じゅうなん,かるわざ,いたずらごころ,64,88,50,88,50,106,446
511,ヤナップ,くさ,なし,くいしんぼう,なし,しんりょく,50,53,48,53,48,64,316
512,ヤナッキー,くさ,なし,くいしんぼう,なし,しんりょく,75,98,63,98,63,101,498
513,バオップ,ほのお,なし,くいしんぼう,なし,もうか,50,53,48,53,48,64,316
514,バオッキー,ほのお,なし,くいしんぼう,なし,もうか,75,98,63,98,63,101,498
515,ヒヤップ,みず,なし,くいしんぼう,なし,げきりゅう,50,53,48,53,48,64,316
516,ヒヤッキー,みず,なし,くいしんぼう,なし,げきりゅう,75,98,63,98,63,101,498
517,ムンナ,エスパー,なし,よちむ,シンクロ,テレパシー,76,25,45,67,55,24,292
518,ムシャーナ,エスパー,なし,よちむ,シンクロ,テレパシー,116,55,85,107,95,29,487
519,マメパト,ノーマル,ひこう,はとむね,きょううん,とうそうしん,50,55,50,36,30,43,264
520,ハトーボー,ノーマル,ひこう,はとむね,きょううん,とうそうしん,62,77,62,50,42,65,358
521,ケンホロウ,ノーマル,ひこう,はとむね,きょううん,とうそうしん,80,115,80,65,55,93,488
522,シママ,でんき,なし,ひらいしん,でんきエンジン,そうしょく,45,60,32,50,32,76,295
523,ゼブライカ,でんき,なし,ひらいしん,でんきエンジン,そうしょく,75,100,63,80,63,116,497
524,ダンゴロ,いわ,なし,がんじょう,くだけるよろい,すなのちから,55,75,85,25,25,15,280
525,ガントル,いわ,なし,がんじょう,くだけるよろい,すなのちから,70,105,105,50,40,20,390
526,ギガイアス,いわ,なし,がんじょう,すなおこし,すなのちから,85,135,130,60,80,25,515
527,コロモリ,エスパー,ひこう,てんねん,ぶきよう,たんじゅん,65,45,43,55,43,72,323
528,ココロモリ,エスパー,ひこう,てんねん,ぶきよう,たんじゅん,67,57,55,77,55,114,425
529,モグリュー,じめん,なし,すなかき,すなのちから,かたやぶり,60,85,40,30,45,68,328
530,ドリュウズ,じめん,はがね,すなかき,すなのちから,かたやぶり,110,135,60,50,65,88,508
531,タブンネ,ノーマル,なし,いやしのこころ,さいせいりょく,ぶきよう,103,60,86,60,86,50,445
531-1,メガタブンネ,ノーマル,フェアリー,いやしのこころ,なし,なし,103,60,126,80,126,50,545
532,ドッコラー,かくとう,なし,こんじょう,ちからずく,てつのこぶし,75,80,55,25,35,35,305
533,ドテッコツ,かくとう,なし,こんじょう,ちからずく,てつのこぶし,85,105,85,40,50,40,405
534,ローブシン,かくとう,なし,こんじょう,ちからずく,てつのこぶし,105,140,95,55,65,45,505
535,オタマロ,みず,なし,すいすい,うるおいボディ,ちょすい,50,50,40,50,40,64,294
536,ガマガル,みず,じめん,すいすい,うるおいボディ,ちょすい,75,65,55,65,55,69,384
537,ガマゲロゲ,みず,じめん,すいすい,どくしゅ,ちょすい,105,95,75,85,75,74,509
538,ナゲキ,かくとう,なし,こんじょう,せいしんりょく,かたやぶり,120,100,85,30,85,45,465
539,ダゲキ,かくとう,なし,がんじょう,せいしんりょく,かたやぶり,75,125,75,30,75,85,465
540,クルミル,むし,くさ,むしのしらせ,ようりょくそ,ぼうじん,45,53,70,40,60,42,310
541,クルマユ,むし,くさ,リーフガード,ようりょくそ,ぼうじん,55,63,90,50,80,42,380
542,ハハコモリ,むし,くさ,むしのしらせ,ようりょくそ,ぼうじん,75,103,80,70,80,92,500
543,フシデ,むし,どく,どくのトゲ,むしのしらせ,かそく,30,45,59,30,39,57,260
544,ホイーガ,むし,どく,どくのトゲ,むしのしらせ,かそく,40,55,99,40,79,47,360
545,ペンドラー,むし,どく,どくのトゲ,むしのしらせ,かそく,60,100,89,55,69,112,485
546,モンメン,くさ,フェアリー,いたずらごころ,すりぬけ,ようりょくそ,40,27,60,37,50,66,280
547,エルフーン,くさ,フェアリー,いたずらごころ,すりぬけ,ようりょくそ,60,67,85,77,75,116,480
548,チュリネ,くさ,なし,ようりょくそ,マイペース,リーフガード,45,35,50,70,50,30,280
549,ドレディア,くさ,なし,ようりょくそ,マイペース,リーフガード,70,60,75,110,75,90,480
550,バスラオ赤,みず,なし,すてみ,てきおうりょく,かたやぶり,70,92,65,80,55,98,460
550-1,バスラオ青,みず,なし,いしあたま,てきおうりょく,かたやぶり,70,92,65,80,55,98,460
551,メグロコ,じめん,あく,いかく,じしんかじょう,いかりのつぼ,50,72,35,35,35,65,292
552,ワルビル,じめん,あく,いかく,じしんかじょう,いかりのつぼ,60,82,45,45,45,74,351
553,ワルビアル,じめん,あく,いかく,じしんかじょう,いかりのつぼ,95,117,80,65,70,92,519
554,ダルマッカ,ほのお,なし,はりきり,なし,せいしんりょく,70,90,45,15,45,50,315
555,ヒヒダルマN,ほのお,なし,ちからずく,なし,ダルマモード,105,140,55,30,55,95,480
555-1,ヒヒダルマD,ほのお,エスパー,ちからずく,なし,ダルマモード,105,30,105,140,105,55,540
556,マラカッチ,くさ,なし,ちょすい,ようりょくそ,よびみず,75,86,67,106,67,60,461
557,イシズマイ,むし,いわ,がんじょう,シェルアーマー,くだけるよろい,50,65,85,35,35,55,325
558,イワパレス,むし,いわ,がんじょう,シェルアーマー,くだけるよろい,70,105,125,65,75,45,485
559,ズルッグ,あく,かくとう,だっぴ,じしんかじょう,いかく,50,75,70,35,70,48,348
560,ズルズキン,あく,かくとう,だっぴ,じしんかじょう,いかく,65,90,115,45,115,58,488
561,シンボラー,エスパー,ひこう,ミラクルスキン,マジックガード,いろめがね,72,58,80,103,80,97,490
562,デスマス,ゴースト,なし,ミイラ,なし,なし,38,30,85,55,65,30,303
563,デスカーン,ゴースト,なし,ミイラ,なし,なし,58,50,145,95,105,30,483
564,プロトーガ,みず,いわ,ハードロック,がんじょう,すいすい,54,78,103,53,45,22,355
565,アバゴーラ,みず,いわ,ハードロック,がんじょう,すいすい,74,108,133,83,65,32,495
566,アーケン,いわ,ひこう,よわき,なし,なし,55,112,45,74,45,70,401
567,アーケオス,いわ,ひこう,よわき,なし,なし,75,140,65,112,65,110,567
568,ヤブクロン,どく,なし,あくしゅう,ねんちゃく,ゆうばく,50,50,62,40,62,65,329
569,ダストダス,どく,なし,あくしゅう,くだけるよろい,ゆうばく,80,95,82,60,82,75,474
570,ゾロア,あく,なし,イリュージョン,なし,なし,40,65,40,80,40,65,330
571,ゾロアーク,あく,なし,イリュージョン,なし,なし,60,105,60,120,60,105,510
572,チラーミィ,ノーマル,なし,メロメロボディ,テクニシャン,スキルリンク,55,50,40,40,40,75,300
573,チラチーノ,ノーマル,なし,メロメロボディ,テクニシャン,スキルリンク,75,95,60,65,60,115,470
574,ゴチム,エスパー,なし,おみとおし,かちき,かげふみ,45,30,50,55,65,45,290
575,ゴチミル,エスパー,なし,おみとおし,かちき,かげふみ,60,45,70,75,85,55,390
576,ゴチルゼル,エスパー,なし,おみとおし,かちき,かげふみ,70,55,95,95,110,65,490
577,ユニラン,エスパー,なし,ぼうじん,マジックガード,さいせいりょく,45,30,40,105,50,20,290
578,ダブラン,エスパー,なし,ぼうじん,マジックガード,さいせいりょく,65,40,50,125,60,30,370
579,ランクルス,エスパー,なし,ぼうじん,マジックガード,さいせいりょく,110,65,75,125,85,30,490
580,コアルヒー,みず,ひこう,するどいめ,はとむね,うるおいボディ,62,44,50,44,50,55,305
581,スワンナ,みず,ひこう,するどいめ,はとむね,うるおいボディ,75,87,63,87,63,98,473
582,バニプッチ,こおり,なし,アイスボディ,ゆきがくれ,くだけるよろい,36,50,50,65,60,44,305
583,バニリッチ,こおり,なし,アイスボディ,ゆきがくれ,くだけるよろい,51,65,65,80,75,59,395
584,バイバニラ,こおり,なし,アイスボディ,ゆきふらし,くだけるよろい,71,95,85,110,95,79,535
585,シキジカ,ノーマル,むし,ようりょくそ,そうしょく,てんのめぐみ,60,60,50,40,50,75,335
586,メブキジカ,ノーマル,むし,ようりょくそ,そうしょく,てんのめぐみ,80,100,70,60,70,95,475
587,エモンガ,でんき,ひこう,せいでんき,なし,でんきエンジン,55,75,60,75,60,103,428
588,カブルモ,むし,なし,むしのしらせ,だっぴ,ノーガード,50,75,45,40,45,60,315
589,シュバルゴ,むし,はがね,むしのしらせ,シェルアーマー,ぼうじん,70,135,105,60,105,20,495
590,タマゲタケ,くさ,どく,ほうし,なし,さいせいりょく,69,55,45,55,55,15,294
591,モロバレル,くさ,どく,ほうし,なし,さいせいりょく,114,85,70,85,80,30,464
592,プルリル,みず,ゴースト,ちょすい,のろわれボディ,しめりけ,55,40,50,65,85,40,335
593,ブルンゲル,みず,ゴースト,ちょすい,のろわれボディ,しめりけ,100,60,70,85,105,60,480
594,ママンボウ,みず,なし,いやしのこころ,うるおいボディ,さいせいりょく,165,75,80,40,45,65,470
595,バチュル,むし,でんき,ふくがん,きんちょうかん,むしのしらせ,50,47,50,57,50,65,319
596,デンチュラ,むし,でんき,ふくがん,きんちょうかん,むしのしらせ,70,77,60,97,60,108,472
597,テッシード,くさ,はがね,てつのトゲ,なし,てつのトゲ,44,50,91,24,86,10,305
598,ナットレイ,くさ,はがね,てつのトゲ,なし,きけんよち,74,94,131,54,116,20,489
599,ギアル,はがね,なし,プラス,マイナス,クリアボディ,40,55,70,45,60,30,300
600,ギギアル,はがね,なし,プラス,マイナス,クリアボディ,60,80,95,70,85,50,440
601,ギギギアル,はがね,なし,プラス,マイナス,クリアボディ,60,100,115,70,85,90,520
602,シビシラス,でんき,なし,ふゆう,なし,なし,35,55,40,45,40,60,275
603,シビビール,でんき,なし,ふゆう,なし,なし,65,85,70,75,70,40,405
604,シビルドン,でんき,なし,ふゆう,なし,なし,85,115,80,105,80,50,515
605,リグレー,エスパー,なし,テレパシー,シンクロ,アナライズ,55,55,55,85,55,30,335
606,オーベム,エスパー,なし,テレパシー,シンクロ,アナライズ,75,75,75,125,95,40,485
607,ヒトモシ,ゴースト,ほのお,もらいび,ほのおのからだ,すりぬけ,50,30,55,65,55,20,275
608,ランプラー,ゴースト,ほのお,もらいび,ほのおのからだ,すりぬけ,60,40,60,95,60,55,370
609,シャンデラ,ゴースト,ほのお,もらいび,ほのおのからだ,すりぬけ,60,55,90,145,90,80,520
610,キバゴ,ドラゴン,なし,とうそうしん,かたやぶり,きんちょうかん,46,87,60,30,40,57,320
611,オノンド,ドラゴン,なし,とうそうしん,かたやぶり,きんちょうかん,66,117,70,40,50,67,410
612,オノノクス,ドラゴン,なし,とうそうしん,かたやぶり,きんちょうかん,76,147,90,60,70,97,540
613,クマシュン,こおり,なし,ゆきがくれ,ゆきかき,びびり,55,70,40,60,40,40,305
614,ツンベアー,こおり,なし,ゆきがくれ,ゆきかき,びびり,95,130,80,70,80,50,505
615,フリージオ,こおり,なし,ふゆう,なし,なし,80,50,50,95,135,105,515
616,チョボマキ,むし,なし,うるおいボディ,シェルアーマー,ぼうじん,50,40,85,40,65,25,305
617,アギルダー,むし,なし,うるおいボディ,ねんちゃく,かるわざ,80,70,40,100,60,145,495
618,マッギョ,じめん,でんき,せいでんき,じゅうなん,すながくれ,109,66,84,81,99,32,471
619,コジョフー,かくとう,なし,せいしんりょく,さいせいりょく,すてみ,45,85,50,55,50,65,350
620,コジョンド,かくとう,なし,せいしんりょく,さいせいりょく,すてみ,65,125,60,95,60,105,510
621,クリムガン,ドラゴン,なし,さめはだ,ちからずく,かたやぶり,77,120,90,60,90,48,485
622,ゴビット,じめん,ゴースト,てつのこぶし,ぶきよう,ノーガード,59,74,50,35,50,35,303
623,ゴルーグ,じめん,ゴースト,てつのこぶし,ぶきよう,ノーガード,89,124,80,55,80,55,483
624,コマタナ,あく,はがね,まけんき,せいしんりょく,プレッシャー,45,85,70,40,40,60,340
625,キリキザン,あく,はがね,まけんき,せいしんりょく,プレッシャー,65,125,100,60,70,70,490
626,バッフロン,ノーマル,なし,すてみ,そうしょく,ぼうおん,95,110,95,40,95,55,490
627,ワシボン,ノーマル,ひこう,するどいめ,ちからずく,はりきり,70,83,50,37,50,60,350
628,ウォーグル,ノーマル,ひこう,するどいめ,ちからずく,まけんき,100,123,75,57,75,80,510
629,バルチャイ,あく,ひこう,はとむね,ぼうじん,くだけるよろい,70,55,75,45,65,60,370
630,バルジーナ,あく,ひこう,はとむね,ぼうじん,くだけるよろい,110,65,105,55,95,80,510
631,クイタラン,ほのお,なし,くいしんぼう,もらいび,しろいけむり,85,97,66,105,66,65,484
632,アイアント,むし,はがね,むしのしらせ,はりきり,なまけ,58,109,112,48,48,109,484
633,モノズ,あく,ドラゴン,はりきり,なし,なし,52,65,50,45,50,38,300
634,ジヘッド,あく,ドラゴン,はりきり,なし,なし,72,85,70,65,70,58,420
635,サザンドラ,あく,ドラゴン,ふゆう,なし,なし,92,105,90,125,90,98,600
636,メラルバ,むし,ほのお,ほのおのからだ,なし,むしのしらせ,55,85,55,50,55,60,360
637,ウルガモス,むし,ほのお,ほのおのからだ,なし,むしのしらせ,85,60,65,135,105,100,550
638,コバルオン,はがね,かくとう,せいぎのこころ,なし,なし,91,90,129,90,72,108,580
639,テラキオン,いわ,かくとう,せいぎのこころ,なし,なし,91,129,90,72,90,108,580
640,ビリジオン,くさ,かくとう,せいぎのこころ,なし,なし,91,90,72,90,129,108,580
641,トルネロス化身,ひこう,なし,いたずらごころ,なし,まけんき,79,115,70,125,80,111,580
641-1,トルネロス霊獣,ひこう,なし,さいせいりょく,なし,なし,79,100,80,110,90,121,580
642,ボルトロス化身,でんき,ひこう,いたずらごころ,なし,まけんき,79,115,70,125,80,111,580
642-1,ボルトロス霊獣,でんき,ひこう,ちくでん,なし,なし,79,105,70,145,80,101,580
643,レシラム,ドラゴン,ほのお,ターボブレイズ,なし,なし,100,120,100,150,120,90,680
644,ゼクロム,ドラゴン,でんき,テラボルテージ,なし,なし,100,150,120,120,100,90,680
645,ランドロス化身,じめん,ひこう,すなのちから,なし,ちからずく,89,125,90,115,80,101,600
645-1,ランドロス霊獣,じめん,ひこう,いかく,なし,なし,89,145,90,105,80,91,600
646,キュレム,ドラゴン,こおり,プレッシャー,なし,なし,125,130,90,130,90,95,660
646-1,ブラックキュレム,ドラゴン,こおり,テラボルテージ,なし,なし,125,170,100,120,90,95,700
646-2,ホワイトキュレム,ドラゴン,こおり,ターボブレイズ,なし,なし,125,120,90,170,100,95,700
647,ケルディオ,みず,かくとう,せいぎのこころ,なし,なし,91,72,90,129,90,108,580
647-1,ケルディオ覚悟,みず,かくとう,せいぎのこころ,なし,なし,91,72,90,129,90,108,580
648,メロエッタＶ,ノーマル,エスパー,てんのめぐみ,なし,なし,100,77,77,128,128,90,600
648-1,メロエッタＳ,ノーマル,かくとう,てんのめぐみ,なし,なし,100,128,90,77,77,128,600
649,ゲノセクト,むし,はがね,ダウンロード,なし,なし,71,120,95,120,95,99,600
650,ハリマロン,くさ,なし,しんりょく,なし,ぼうだん,56,61,65,48,45,38,313
651,ハリボーグ,くさ,なし,しんりょく,なし,ぼうだん,61,78,95,56,58,57,405
652,ブリガロン,くさ,かくとう,しんりょく,なし,ぼうだん,88,107,122,74,75,64,530
653,フォッコ,ほのお,なし,もうか,なし,マジシャン,40,45,40,62,60,60,307
654,テールナー,ほのお,なし,もうか,なし,マジシャン,59,59,58,90,70,73,409
655,マフォクシー,ほのお,エスパー,もうか,なし,マジシャン,75,69,72,114,100,104,534
656,ケロマツ,みず,なし,げきりゅう,なし,へんげんじざい,41,56,40,62,44,71,314
657,ゲコガシラ,みず,なし,げきりゅう,なし,へんげんじざい,54,63,52,83,56,97,405
658,ゲッコウガ,みず,あく,げきりゅう,なし,へんげんじざい,72,95,67,103,71,122,530
659,ホルビー,ノーマル,なし,ものひろい,ほおぶくろ,ちからもち,38,36,38,32,36,57,237
660,ホルード,ノーマル,じめん,ものひろい,ほおぶくろ,ちからもち,85,56,77,50,77,78,423
661,ヤヤコマ,ノーマル,ひこう,はとむね,なし,はやてのつばさ,45,50,43,40,38,62,278
662,ヒノヤコマ,ほのお,ひこう,ほのおのからだ,なし,はやてのつばさ,62,73,55,56,52,84,382
663,ファイアロー,ほのお,ひこう,ほのおのからだ,なし,はやてのつばさ,78,81,71,74,69,126,499
664,コフキムシ,むし,なし,りんぷん,ふくがん,フレンドガード,38,35,40,27,25,35,200
665,コフーライ,むし,なし,だっぴ,なし,フレンドガード,45,22,60,27,30,29,213
666,ビビヨン,むし,ひこう,りんぷん,ふくがん,フレンドガード,80,52,50,90,50,89,411
667,シシコ,ほのお,ノーマル,とうそうしん,きんちょうかん,じしんかじょう,62,50,58,73,54,72,369
668,カエンジシ,ほのお,ノーマル,とうそうしん,きんちょうかん,じしんかじょう,86,68,72,109,66,106,507
669,フラベベ,フェアリー,なし,フラワーベール,なし,きょうせい,44,38,39,61,79,42,303
670,フラエッテ,フェアリー,なし,フラワーベール,なし,きょうせい,54,45,47,75,98,52,371
670-1,フラエッテＡＺ,フェアリー,なし,フラワーベール,なし,きょうせい,74,65,67,125,128,92,551
671,フラージェス,フェアリー,なし,フラワーベール,なし,きょうせい,78,65,68,112,154,75,552
672,メェークル,くさ,なし,そうしょく,なし,くさのけがわ,66,65,48,62,57,52,350
673,ゴーゴート,くさ,なし,そうしょく,なし,くさのけがわ,123,100,62,97,81,68,531
674,ヤンチャム,かくとう,なし,てつのこぶし,かたやぶり,きもったま,67,82,62,46,48,43,348
675,ゴロンダ,かくとう,あく,てつのこぶし,かたやぶり,きもったま,95,124,78,69,71,58,495
676,トリミアン,ノーマル,なし,ファーコート,なし,なし,75,80,60,65,90,102,472
677,ニャスパー,エスパー,なし,するどいめ,すりぬけ,マイペース,62,48,54,63,60,68,355
678,ニャオニクス♂,エスパー,なし,するどいめ,すりぬけ,いたずらごころ,74,48,76,83,81,104,466
678-1,ニャオニクス♀,エスパー,なし,するどいめ,すりぬけ,かちき,74,48,76,83,81,104,466
679,ヒトツキ,はがね,ゴースト,ノーガード,なし,なし,45,80,100,35,37,28,325
680,ニダンギル,はがね,ゴースト,ノーガード,なし,なし,59,110,150,45,49,35,448
681,ギルガルド盾,はがね,ゴースト,バトルスイッチ,なし,なし,60,50,150,50,150,60,520
681-1,ギルガルド剣,はがね,ゴースト,バトルスイッチ,なし,なし,60,150,50,150,50,60,520
682,シュシュプ,フェアリー,なし,いやしのこころ,なし,アロマベール,78,52,60,63,65,23,341
683,フレフワン,フェアリー,なし,いやしのこころ,なし,アロマベール,101,72,72,99,89,29,462
684,ペロッパフ,フェアリー,なし,スイートベール,なし,かるわざ,62,48,66,59,57,49,341
685,ペロリーム,フェアリー,なし,スイートベール,なし,かるわざ,82,80,86,85,75,72,480
686,マーイーカ,あく,エスパー,あまのじゃく,きゅうばん,すりぬけ,53,54,53,37,46,45,288
687,カラマネロ,あく,エスパー,あまのじゃく,きゅうばん,すりぬけ,86,92,88,68,75,73,482
688,カメテテ,いわ,みず,かたいツメ,スナイパー,わるいてぐせ,42,52,67,39,56,50,306
689,ガメノデス,いわ,みず,かたいツメ,スナイパー,わるいてぐせ,72,105,115,54,86,68,500
690,クズモー,どく,みず,どくのトゲ,どくしゅ,てきおうりょく,50,60,60,60,60,30,320
691,ドラミドロ,どく,ドラゴン,どくのトゲ,どくしゅ,てきおうりょく,65,75,90,97,123,44,494
692,ウデッポウ,みず,なし,メガランチャー,なし,なし,50,53,62,58,63,44,330
693,ブロスター,みず,なし,メガランチャー,なし,なし,71,73,88,120,89,59,500
694,エリキテル,でんき,ノーマル,かんそうはだ,すながくれ,サンパワー,44,38,33,61,43,70,289
695,エレザード,でんき,ノーマル,かんそうはだ,すながくれ,サンパワー,62,55,52,109,94,109,481
696,チゴラス,いわ,ドラゴン,がんじょうあご,なし,がんじょう,58,89,77,45,45,48,362
697,ガチゴラス,いわ,ドラゴン,がんじょうあご,なし,いしあたま,82,121,119,69,59,71,521
698,アマルス,いわ,こおり,フリーズスキン,なし,ゆきふらし,77,59,50,67,63,46,362
699,アマルルガ,いわ,こおり,フリーズスキン,なし,ゆきふらし,123,77,72,99,92,58,521
700,ニンフィア,フェアリー,なし,メロメロボディ,なし,フェアリースキン,95,65,65,110,130,60,525
701,ルチャブル,かくとう,ひこう,じゅうなん,かるわざ,かたやぶり,78,92,75,74,63,118,500
702,デデンネ,でんき,フェアリー,ほおぶくろ,ものひろい,プラス,67,58,57,81,67,101,431
703,メレシー,いわ,フェアリー,クリアボディ,なし,がんじょう,50,50,150,50,150,50,500
704,ヌメラ,ドラゴン,なし,そうしょく,うるおいボディ,ぬめぬめ,45,50,35,55,75,40,300
705,ヌメイル,ドラゴン,なし,そうしょく,うるおいボディ,ぬめぬめ,68,75,53,83,113,60,452
706,ヌメルゴン,ドラゴン,なし,そうしょく,うるおいボディ,ぬめぬめ,90,100,70,110,150,80,600
707,クレッフィ,はがね,フェアリー,いたずらごころ,なし,マジシャン,57,80,91,80,87,75,470
708,ボクレー,ゴースト,むし,しぜんかいふく,おみとおし,しゅうかく,43,70,48,50,60,38,309
709,オーロット,ゴースト,むし,しぜんかいふく,おみとおし,しゅうかく,85,110,76,65,82,56,474
710,バケッチャ,ゴースト,むし,ものひろい,おみとおし,ふみん,49,66,70,44,55,51,335
710,バケッチャ小,ゴースト,むし,ものひろい,おみとおし,ふみん,44,66,70,44,55,56,335
710,バケッチャ大,ゴースト,むし,ものひろい,おみとおし,ふみん,54,66,70,44,55,46,335
710,バケッチャ特大,ゴースト,むし,ものひろい,おみとおし,ふみん,59,66,70,44,55,41,335
711,パンプジン,ゴースト,むし,ものひろい,おみとおし,ふみん,65,90,122,58,75,84,494
711,パンプジン小,ゴースト,むし,ものひろい,おみとおし,ふみん,55,85,122,58,75,99,494
711,パンプジン大,ゴースト,むし,ものひろい,おみとおし,ふみん,75,95,122,58,75,69,494
711,パンプジン特大,ゴースト,むし,ものひろい,おみとおし,ふみん,85,100,122,58,75,54,494
712,カチコール,こおり,なし,マイペース,アイスボディ,がんじょう,55,69,85,32,35,28,304
713,クレベース,こおり,なし,マイペース,アイスボディ,がんじょう,95,117,184,44,46,28,514
714,オンバット,ひこう,ドラゴン,おみとおし,すりぬけ,テレパシー,40,30,35,45,40,55,245
715,オンバーン,ひこう,ドラゴン,おみとおし,すりぬけ,テレパシー,85,70,80,97,80,123,535
716,ゼルネアス,フェアリー,なし,フェアリーオーラ,なし,なし,126,131,95,131,98,99,680
717,イベルタル,あく,ひこう,ダークオーラ,なし,なし,126,131,95,131,98,99,680
718,ジガルデ10%,ドラゴン,じめん,オーラブレイク,スワームチェンジ,なし,54,100,71,61,85,115,486
718-1,ジガルデ50%,ドラゴン,じめん,オーラブレイク,スワームチェンジ,なし,108,100,121,81,95,95,600
718-2,ジガルデ完全,ドラゴン,じめん,スワームチェンジ,なし,なし,216,100,121,91,95,85,708
719,ディアンシー,いわ,じめん,クリアボディ,なし,なし,50,100,150,100,150,50,600
719-1,メガディアンシー,いわ,フェアリー,マジックミラー,なし,なし,50,160,110,160,110,110,700
720,フーパ(戒め),エスパー,ゴースト,マジシャン,なし,なし,80,110,60,150,130,70,600
720-1,フーパ(解放),エスパー,あく,マジシャン,なし,なし,80,160,60,170,130,80,680
721,ボルケニオン,ほのお,みず,ちょすい,なし,なし,80,110,120,130,90,70,600
722,モクロー,くさ,ひこう,しんりょく,なし,えんかく,68,55,55,50,50,42,320
723,フクスロー,くさ,ひこう,しんりょく,なし,えんかく,78,75,75,70,70,52,420
724,ジュナイパー,くさ,ゴースト,しんりょく,なし,えんかく,78,107,75,100,100,70,530
725,ニャビー,ほのお,なし,もうか,なし,いかく,45,65,40,60,40,70,320
726,ニャヒート,ほのお,なし,もうか,なし,いかく,65,85,50,80,50,90,420
727,ガオガエン,ほのお,あく,もうか,なし,いかく,95,115,90,80,90,60,530
728,アシマリ,みず,なし,げきりゅう,なし,うるおいボイス,50,54,54,66,56,40,320
729,オシャマリ,みず,なし,げきりゅう,なし,うるおいボイス,60,69,69,91,81,50,420
730,アシレーヌ,みず,フェアリー,げきりゅう,なし,うるおいボイス,80,74,74,126,116,60,530
731,ツツケラ,ノーマル,ひこう,するどいめ,スキルリンク,ものひろい,35,75,30,30,30,65,265
732,ケララッパ,ノーマル,ひこう,するどいめ,スキルリンク,ものひろい,55,85,50,40,50,75,355
733,ドデカバシ,ノーマル,ひこう,するどいめ,スキルリンク,ちからずく,80,120,75,75,75,60,485
734,ヤングース,ノーマル,なし,はりこみ,がんじょうあご,てきおうりょく,48,70,30,30,30,45,253
735,デカグース,ノーマル,なし,はりこみ,がんじょうあご,てきおうりょく,88,110,60,55,60,45,418
736,アゴジムシ,むし,なし,むしのしらせ,なし,なし,47,62,45,55,45,46,300
737,デンヂムシ,むし,でんき,バッテリー,なし,なし,57,82,95,55,75,36,400
738,クワガノン,むし,でんき,ふゆう,なし,なし,77,70,90,145,75,43,500
739,マケンカニ,かくとう,なし,かいりきバサミ,てつのこぶし,いかりのつぼ,47,82,57,42,47,63,338
740,ケケンカニ,かくとう,こおり,かいりきバサミ,てつのこぶし,いかりのつぼ,97,132,77,62,67,43,478
741,オドリドリ  (めらめら),ほのお,ひこう,おどりこ,なし,なし,75,70,70,98,70,93,476
741-1,オドリドリ  (ぱちぱち),でんき,ひこう,おどりこ,なし,なし,75,70,70,98,70,93,476
741-2,オドリドリ  (ふらふら),エスパー,ひこう,おどりこ,なし,なし,75,70,70,98,70,93,476
741-3,オドリドリ  (まいまい),ゴースト,ひこう,おどりこ,なし,なし,75,70,70,98,70,93,476
742,アブリー,むし,フェアリー,みつあつめ,りんぷん,スイートベール,40,45,40,55,40,84,304
743,アブリボン,むし,フェアリー,みつあつめ,りんぷん,スイートベール,60,55,60,95,70,124,464
744,イワンコ,いわ,なし,するどいめ,やるき,ふくつのこころ,45,65,40,30,40,60,280
745,ルガルガン昼,いわ,なし,するどいめ,すなかき,ふくつのこころ,75,115,65,55,65,112,487
745-1,ルガルガン夜,いわ,なし,するどいめ,やるき,ノーガード,85,115,75,55,75,82,487
746,ヨワシ,みず,なし,ぎょぐん,なし,ぎょぐん,45,20,20,25,25,40,175
746-1,ヨワシ(群れ),みず,なし,ぎょぐん,なし,ぎょぐん,45,140,130,140,135,30,620
747,ヒドイデ,どく,みず,ひとでなし,じゅうなん,さいせいりょく,50,53,62,43,52,45,305
748,ドヒドイデ,どく,みず,ひとでなし,じゅうなん,さいせいりょく,50,63,152,53,142,35,495
749,ドロバンコ,じめん,なし,マイペース,じきゅうりょく,せいしんりょく,70,100,70,45,55,45,385
750,バンバドロ,じめん,なし,マイペース,じきゅうりょく,せいしんりょく,100,125,100,55,85,35,500
751,シズクモ,みず,むし,すいほう,なし,ちょすい,38,40,52,40,72,27,269
752,オニシズクモ,みず,むし,すいほう,なし,ちょすい,68,70,92,50,132,42,454
753,カリキリ,くさ,なし,リーフガード,なし,あまのじゃく,40,55,35,50,35,35,250
754,ラランテス,くさ,なし,リーフガード,なし,あまのじゃく,70,105,90,80,90,45,480
755,ネマシュ,くさ,フェアリー,はっこう,ほうし,あめうけざら,40,35,55,65,75,15,285
756,マシェード,くさ,フェアリー,はっこう,ほうし,あめうけざら,60,45,80,90,100,30,405
757,ヤトウモリ,どく,ほのお,ふしょく,なし,どんかん,48,44,40,71,40,77,320
758,エンニュート,どく,ほのお,ふしょく,なし,どんかん,68,64,60,111,60,117,480
759,ヌイコグマ,ノーマル,かくとう,もふもふ,ぶきよう,メロメロボディ,70,75,50,45,50,50,340
760,キテルグマ,ノーマル,かくとう,もふもふ,ぶきよう,きんちょうかん,120,125,80,55,60,60,500
761,アマカジ,くさ,なし,リーフガード,どんかん,スイートベール,42,30,38,30,38,32,210
762,アママイコ,くさ,なし,リーフガード,どんかん,スイートベール,52,40,48,40,48,62,290
763,アマージョ,くさ,なし,リーフガード,じょうおうのいげん,スイートベール,72,120,98,50,98,72,510
764,キュワワー,フェアリー,なし,フラワーベール,ヒーリングシフト,しぜんかいふく,51,52,90,82,110,100,485
765,ヤレユータン,ノーマル,エスパー,せいしんりょく,テレパシー,きょうせい,90,60,80,90,110,60,490
766,ナゲツケサル,かくとう,なし,レシーバー,なし,まけんき,100,120,90,40,60,80,490
767,コソクムシ,むし,みず,にげごし,なし,なし,25,35,40,20,30,80,230
768,グソクムシャ,むし,みず,ききかいひ,なし,なし,75,125,140,60,90,40,530
769,スナバァ,ゴースト,じめん,みずがため,なし,すながくれ,55,55,80,70,45,15,320
770,シロデスナ,ゴースト,じめん,みずがため,なし,すながくれ,85,75,110,100,75,35,480
771,ナマコブシ,みず,なし,とびだすなかみ,なし,てんねん,55,60,130,30,130,5,410
772,タイプ：ヌル,ノーマル,なし,カブトアーマー,なし,なし,95,95,95,95,95,59,534
773,シルヴァディ,ノーマル,なし,ARシステム,なし,なし,95,95,95,95,95,95,570
774,メテノ(流星),いわ,ひこう,リミットシールド,なし,なし,60,60,100,60,100,60,440
774-1,メテノ(コア),いわ,ひこう,リミットシールド,なし,なし,60,100,60,100,60,120,500
775,ネッコアラ,ノーマル,なし,ぜったいねむり,なし,なし,65,115,65,75,95,65,480
776,バクガメス,ほのお,ドラゴン,シェルアーマー,なし,なし,60,78,135,91,85,36,485
777,トゲデマル,でんき,はがね,てつのトゲ,ひらいしん,がんじょう,65,98,63,40,73,96,435
778,ミミッキュ,ゴースト,フェアリー,ばけのかわ,なし,なし,55,90,80,50,105,96,476
779,ハギギシリ,みず,エスパー,ビビッドボディ,がんじょうあご,ミラクルスキン,68,105,70,70,70,92,475
780,ジジーロン,ノーマル,ドラゴン,ぎゃくじょう,そうしょく,ノーてんき,78,60,85,135,91,36,485
781,ダダリン,ゴースト,くさ,はがねつかい,なし,なし,70,131,100,86,90,40,517
782,ジャラコ,ドラゴン,なし,ぼうだん,ぼうおん,ぼうじん,45,55,65,45,45,45,300
783,ジャランゴ,ドラゴン,かくとう,ぼうだん,ぼうおん,ぼうじん,55,75,90,65,70,65,420
784,ジャラランガ,ドラゴン,かくとう,ぼうだん,ぼうおん,ぼうじん,75,110,125,100,105,85,600
785,カプ・コケコ,でんき,フェアリー,エレキメイカー,なし,テレパシー,70,115,85,95,75,130,570
786,カプ・テテフ,エスパー,フェアリー,サイコメイカー,なし,テレパシー,70,85,75,130,115,95,570
787,カプ・ブルル,くさ,フェアリー,グラスメイカー,なし,テレパシー,70,130,115,85,95,75,570
788,カプ・レヒレ,みず,フェアリー,ミストメイカー,なし,なし,70,75,115,95,130,85,570
789,コスモッグ,エスパー,なし,てんねん,なし,なし,43,29,31,29,31,37,200
790,コスモウム,エスパー,なし,がんじょう,なし,なし,43,29,131,29,131,37,400
791,ソルガレオ,エスパー,はがね,メタルプロテクト,なし,なし,137,137,107,113,89,97,680
792,ルナアーラ,エスパー,ゴースト,ファントムガード,なし,なし,137,113,89,137,107,97,680
793,ウツロイド,いわ,どく,ビーストブースト,なし,なし,109,53,47,127,131,103,570
794,マッシブーン,むし,かくとう,ビーストブースト,なし,なし,107,139,139,53,53,79,570
795,フェローチェ,むし,かくとう,ビーストブースト,なし,なし,71,137,37,137,37,151,570
796,デンジュモク,でんき,なし,ビーストブースト,なし,なし,83,89,71,173,71,83,570
797,テッカグヤ,はがね,ひこう,ビーストブースト,なし,なし,97,101,103,107,101,61,570
798,カミツルギ,くさ,はがね,ビーストブースト,なし,なし,59,181,131,59,31,109,570
799,アクジキング,あく,ドラゴン,ビーストブースト,なし,なし,223,101,53,97,53,43,570
800,ネクロズマ,エスパー,なし,プリズムアーマー,なし,なし,97,107,101,127,89,79,600
801,マギアナ,はがね,エスパー,ソウルハート,なし,なし,80,95,115,130,115,65,600
802,マーシャドー,かくとう,ゴースト,テクニシャン,なし,なし,90,125,80,90,90,125,600
